user_telegram_id;date;scenario;macro_categ;final_rate_service;duration_in_sec;pref_elic_duration_in_sec;recomm_duration_in_sec;number_interactions;has_user_perfermed_a_healthy_choice;nutri_score;fsa_score;id_dish_choice;user_constraints;proposal_random_1;proposal_random_2;proposal_random_3;proposal_random_4;proposal_random_5;number_skips;number_likes;all_dishes_shown_pref_elic;url_dishes_pairwise_comparisons;final_dish_not_chosen
484329747;04/10/2022 18:22:04;Scenario Textual;Pasta;5;83;29;23;6;True;B;6;http://allrecipes.com/recipe/noodles-and-eggs/detail.aspx;peppers,mushrooms,zucchini,Seafood;http://allrecipes.com/recipe/barbecue-lasagna/detail.aspx;http://allrecipes.com/recipe/bohemian-macaroni-and-cheese/detail.aspx;http://allrecipes.com/recipe/swiss-cheese-noodle-bake/detail.aspx;http://allrecipes.com/recipe/best-ever-pasta-salad/detail.aspx;http://allrecipes.com/recipe/macaroni-and-cheese-with-sausage-and-pears/detail.aspx;2;5;http://allrecipes.com/recipe/barbecue-lasagna/detail.aspx,http://allrecipes.com/recipe/bohemian-macaroni-and-cheese/detail.aspx,http://allrecipes.com/recipe/dorm-room-chili-mac/detail.aspx,http://allrecipes.com/recipe/swiss-cheese-noodle-bake/detail.aspx,http://allrecipes.com/recipe/sweet-pea-and-noodle-salad/detail.aspx,http://allrecipes.com/recipe/best-ever-pasta-salad/detail.aspx,http://allrecipes.com/recipe/macaroni-and-cheese-with-sausage-and-pears/detail.aspx;http://allrecipes.com/recipe/cheezy-macaroni-and-little-smokies/detail.aspx - http://allrecipes.com/recipe/noodles-and-eggs/detail.aspx;http://allrecipes.com/recipe/cheezy-macaroni-and-little-smokies/detail.aspx
484329747;04/10/2022 18:25:13;Scenario Multi-modal (Text + Image);Dessert;5;91;29;23;8;True;C;8;http://allrecipes.com/recipe/fruit-pizza-puff/detail.aspx;cherry,hazelnut,Diabetes;http://allrecipes.com/recipe/lemon-bundt-cake/detail.aspx;http://allrecipes.com/recipe/strawberry-peach-parfait/detail.aspx;http://allrecipes.com/recipe/chilled-cantaloupe-soup/detail.aspx;http://allrecipes.com/recipe/pudding-and-cream-filled-strawberries/detail.aspx;http://allrecipes.com/recipe/mini-key-lime-pies/detail.aspx;3;5;http://allrecipes.com/recipe/lemon-bundt-cake/detail.aspx,http://allrecipes.com/recipe/strawberry-peach-parfait/detail.aspx,http://allrecipes.com/recipe/raw-chocolate-pudding/detail.aspx,http://allrecipes.com/recipe/cottage-cheese-fluff/detail.aspx,http://allrecipes.com/recipe/rainbow-cupcake-cones/detail.aspx,http://allrecipes.com/recipe/chilled-cantaloupe-soup/detail.aspx,http://allrecipes.com/recipe/pudding-and-cream-filled-strawberries/detail.aspx,http://allrecipes.com/recipe/mini-key-lime-pies/detail.aspx;http://allrecipes.com/recipe/lemonade-pie-i/detail.aspx - http://allrecipes.com/recipe/cottage-cheese-fluff/detail.aspx,http://allrecipes.com/recipe/strawberry-pie-vi/detail.aspx - http://allrecipes.com/recipe/cranberry-apple-gelatin-mold-2/detail.aspx,http://allrecipes.com/recipe/rainbow-cupcake-cones/detail.aspx - http://allrecipes.com/recipe/fruit-pizza-puff/detail.aspx;http://allrecipes.com/recipe/rainbow-cupcake-cones/detail.aspx
454439584;04/10/2022 18:29:05;Scenario Textual;Salad;5;92;26;22;6;True;A;4;http://allrecipes.com/recipe/thai-cucumber-tomato-salad/detail.aspx;Meat,Seafood;http://allrecipes.com/recipe/thai-cucumber-salad/detail.aspx;http://allrecipes.com/recipe/tofu-salad/detail.aspx;http://allrecipes.com/recipe/mom-dills-harlequin-salad/detail.aspx;http://allrecipes.com/recipe/red-cabbage-and-chickpea-salad/detail.aspx;http://allrecipes.com/recipe/10-minute-tomato-basil-salad/detail.aspx;2;5;http://allrecipes.com/recipe/potato-salad-with-chives/detail.aspx,http://allrecipes.com/recipe/thai-cucumber-salad/detail.aspx,http://allrecipes.com/recipe/tofu-salad/detail.aspx,http://allrecipes.com/recipe/copper-penny/detail.aspx,http://allrecipes.com/recipe/mom-dills-harlequin-salad/detail.aspx,http://allrecipes.com/recipe/red-cabbage-and-chickpea-salad/detail.aspx,http://allrecipes.com/recipe/10-minute-tomato-basil-salad/detail.aspx;http://allrecipes.com/recipe/summer-corn-salad/detail.aspx - http://allrecipes.com/recipe/thai-cucumber-tomato-salad/detail.aspx;http://allrecipes.com/recipe/summer-corn-salad/detail.aspx
217176761;04/10/2022 18:32:47;Scenario Textual;Snack;4;128;57;28;6;False;A;7;http://allrecipes.com/recipe/avocados-and-almonds/detail.aspx;Cholesterolemia;http://allrecipes.com/recipe/delicious-non-traditional-guacamole/detail.aspx;http://allrecipes.com/recipe/halloween-shrimp-cocktail-brain/detail.aspx;http://allrecipes.com/recipe/texas-caviar-with-avocado/detail.aspx;http://allrecipes.com/recipe/toasted-pumpkin-seeds-3/detail.aspx;http://allrecipes.com/recipe/granola-energy-bars/detail.aspx;6;5;http://allrecipes.com/recipe/deviled-eggs-with-dill-and-prosciutto/detail.aspx,http://allrecipes.com/recipe/delicious-non-traditional-guacamole/detail.aspx,http://allrecipes.com/recipe/yummy-potato-skins/detail.aspx,http://allrecipes.com/recipe/halloween-shrimp-cocktail-brain/detail.aspx,http://allrecipes.com/recipe/texas-caviar-with-avocado/detail.aspx,http://allrecipes.com/recipe/almond-you-must-be-nuts-crackers/detail.aspx,http://allrecipes.com/recipe/toasted-pumpkin-seeds-3/detail.aspx,http://allrecipes.com/recipe/st-patricks-day-deviled-eggs/detail.aspx,http://allrecipes.com/recipe/olivada/detail.aspx,http://allrecipes.com/recipe/alabama-fire-crackers/detail.aspx,http://allrecipes.com/recipe/granola-energy-bars/detail.aspx;http://allrecipes.com/recipe/avocados-and-almonds/detail.aspx - http://allrecipes.com/recipe/cauliflower-ceviche/detail.aspx;http://allrecipes.com/recipe/cauliflower-ceviche/detail.aspx
722154386;04/10/2022 18:34:43;Scenario Textual;Pasta;1;212;129;50;6;False;A;5;http://allrecipes.com/recipe/tomato-and-basil-pasta-sauce/detail.aspx;spaghetti;http://allrecipes.com/recipe/pasta-with-mock-creamy-tomato-sauce/detail.aspx;http://allrecipes.com/recipe/pasta-with-cilantro-pesto-and-barley/detail.aspx;http://allrecipes.com/recipe/spag-bol/detail.aspx;http://allrecipes.com/recipe/sauceless-garden-lasagna/detail.aspx;http://allrecipes.com/recipe/marinara-with-white-wine/detail.aspx;17;5;http://allrecipes.com/recipe/farfalle-festival/detail.aspx,http://allrecipes.com/recipe/blt-pasta-salad/detail.aspx,http://allrecipes.com/recipe/bow-tie-pasta-with-red-pepper-sauce/detail.aspx,http://allrecipes.com/recipe/pasta-fagioli-ii/detail.aspx,http://allrecipes.com/recipe/macaroni-gratinee/detail.aspx,http://allrecipes.com/recipe/tomato-and-basil-pasta-sauce/detail.aspx,http://allrecipes.com/recipe/mexican-orzo-salad/detail.aspx,http://allrecipes.com/recipe/tomato-vodka-sauce/detail.aspx,http://allrecipes.com/recipe/easy-chicken-alfredo/detail.aspx,http://allrecipes.com/recipe/how-to-make-bolognese-sauce/detail.aspx,http://allrecipes.com/recipe/pasta-marsala-with-feta/detail.aspx,http://allrecipes.com/recipe/penne-in-vodka-cream/detail.aspx,http://allrecipes.com/recipe/pasta-with-mock-creamy-tomato-sauce/detail.aspx,http://allrecipes.com/recipe/couscous-royale/detail.aspx,http://allrecipes.com/recipe/pasta-with-cilantro-pesto-and-barley/detail.aspx,http://allrecipes.com/recipe/ambers-penne-alla-vodka/detail.aspx,http://allrecipes.com/recipe/spag-bol/detail.aspx,http://allrecipes.com/recipe/sweet-pasta-salad/detail.aspx,http://allrecipes.com/recipe/sauceless-garden-lasagna/detail.aspx,http://allrecipes.com/recipe/marinara-with-white-wine/detail.aspx;http://allrecipes.com/recipe/tomato-and-basil-pasta-sauce/detail.aspx - http://allrecipes.com/recipe/vegan-lasagna-i/detail.aspx;http://allrecipes.com/recipe/vegan-lasagna-i/detail.aspx
454439584;04/10/2022 18:38:51;Scenario Multi-modal (Text + Image);Dessert;5;82;33;24;9;True;D;8;http://allrecipes.com/recipe/pie-snacking-cake/detail.aspx;Lactose;http://allrecipes.com/recipe/chocolate-crinkles-ii/detail.aspx;http://allrecipes.com/recipe/lemon-bundt-cake/detail.aspx;http://allrecipes.com/recipe/chocoberry-torte/detail.aspx;http://allrecipes.com/recipe/pistachio-nut-bundt-cake/detail.aspx;http://allrecipes.com/recipe/pignoli-cookies-ii/detail.aspx;5;5;http://allrecipes.com/recipe/almond-meringue-cookies/detail.aspx,http://allrecipes.com/recipe/chocolate-crinkles-ii/detail.aspx,http://allrecipes.com/recipe/lemon-bundt-cake/detail.aspx,http://allrecipes.com/recipe/chocoberry-torte/detail.aspx,http://allrecipes.com/recipe/stir-and-drop-sugar-cookies-i/detail.aspx,http://allrecipes.com/recipe/pistachio-nut-bundt-cake/detail.aspx,http://allrecipes.com/recipe/peppernotter-scandinavian-christmas-cookies/detail.aspx,http://allrecipes.com/recipe/rumford-sugar-cookies/detail.aspx,http://allrecipes.com/recipe/pinwheel-cookies-iii/detail.aspx,http://allrecipes.com/recipe/pignoli-cookies-ii/detail.aspx;http://allrecipes.com/recipe/nectar-kake/detail.aspx - http://allrecipes.com/recipe/candied-flowers/detail.aspx,http://allrecipes.com/recipe/fabulously-sweet-pear-cake/detail.aspx - http://allrecipes.com/recipe/pineapple-carrot-quick-bread/detail.aspx,http://allrecipes.com/recipe/rainbow-cupcake-cones/detail.aspx - http://allrecipes.com/recipe/applesauce-spice-cake/detail.aspx,http://allrecipes.com/recipe/moist-carrot-cake/detail.aspx - http://allrecipes.com/recipe/pie-snacking-cake/detail.aspx;http://allrecipes.com/recipe/moist-carrot-cake/detail.aspx
722154386;04/10/2022 18:39:56;Scenario Multi-modal (Text + Image);Pasta;1;157;113;29;6;True;A;5;http://allrecipes.com/recipe/light-southwestern-tomato-pasta/detail.aspx;spaghetti;http://allrecipes.com/recipe/barbeque-chicken-pasta-salad/detail.aspx;http://allrecipes.com/recipe/slow-cooker-lasagna/detail.aspx;http://allrecipes.com/recipe/simple-macaroni-salad-2/detail.aspx;http://allrecipes.com/recipe/lighter-chicken-fettuccine-alfredo/detail.aspx;http://allrecipes.com/recipe/basil-cream-sauce/detail.aspx;17;5;http://allrecipes.com/recipe/rigatoni-pasta-with-chorizo/detail.aspx,http://allrecipes.com/recipe/refreshing-summer-orzo-salad/detail.aspx,http://allrecipes.com/recipe/creamy-alfredo-potatoes/detail.aspx,http://allrecipes.com/recipe/cheesy-turkey-with-pasta/detail.aspx,http://allrecipes.com/recipe/inside-out-ravioli-ii/detail.aspx,http://allrecipes.com/recipe/magnificent-macaroni-salad/detail.aspx,http://allrecipes.com/recipe/easy-sriracha-noodles/detail.aspx,http://allrecipes.com/recipe/salami-and-kalamata-primavera-salad/detail.aspx,http://allrecipes.com/recipe/peanut-butter-haystacks/detail.aspx,http://allrecipes.com/recipe/chicken-milano-with-roasted-red-peppers/detail.aspx,http://allrecipes.com/recipe/green-bean-orzo-pasta/detail.aspx,http://allrecipes.com/recipe/barbeque-chicken-pasta-salad/detail.aspx,http://allrecipes.com/recipe/pasta-with-mock-creamy-tomato-sauce/detail.aspx,http://allrecipes.com/recipe/slow-cooker-lasagna/detail.aspx,http://allrecipes.com/recipe/bow-tie-medley/detail.aspx,http://allrecipes.com/recipe/elegant-chicken-lasagna-with-white-sauce/detail.aspx,http://allrecipes.com/recipe/simple-macaroni-salad-2/detail.aspx,http://allrecipes.com/recipe/lighter-chicken-fettuccine-alfredo/detail.aspx,http://allrecipes.com/recipe/pasta-with-vegetables/detail.aspx,http://allrecipes.com/recipe/slow-cooker-macaroni-and-cheese-ii/detail.aspx,http://allrecipes.com/recipe/basil-cream-sauce/detail.aspx;http://allrecipes.com/recipe/restaurant-style-lasagna/detail.aspx - http://allrecipes.com/recipe/light-southwestern-tomato-pasta/detail.aspx;http://allrecipes.com/recipe/restaurant-style-lasagna/detail.aspx
217176761;04/10/2022 18:40:19;Scenario Multi-modal (Text + Image);Dessert;3;153;47;49;6;True;D;7;http://allrecipes.com/recipe/dead-bones-lossa-morte/detail.aspx;Lactose;http://allrecipes.com/recipe/old-fashioned-oatmeal-cookies/detail.aspx;http://allrecipes.com/recipe/pumpkin-cookies-iv/detail.aspx;http://allrecipes.com/recipe/easy-chocolate-tofu-pie/detail.aspx;http://allrecipes.com/recipe/candied-flowers/detail.aspx;http://allrecipes.com/recipe/sunrise-salad/detail.aspx;6;5;http://allrecipes.com/recipe/pineapple-coconut-bars/detail.aspx,http://allrecipes.com/recipe/out-of-this-world-pie/detail.aspx,http://allrecipes.com/recipe/old-fashioned-oatmeal-cookies/detail.aspx,http://allrecipes.com/recipe/pumpkin-cookies-iv/detail.aspx,http://allrecipes.com/recipe/pumpkin-raisin-cookies/detail.aspx,http://allrecipes.com/recipe/nectar-kake/detail.aspx,http://allrecipes.com/recipe/rainbow-cupcake-cones/detail.aspx,http://allrecipes.com/recipe/easy-chocolate-tofu-pie/detail.aspx,http://allrecipes.com/recipe/ambrosia-fruit-salad/detail.aspx,http://allrecipes.com/recipe/candied-flowers/detail.aspx,http://allrecipes.com/recipe/sunrise-salad/detail.aspx;http://allrecipes.com/recipe/pumpkin-raisin-cookies/detail.aspx - http://allrecipes.com/recipe/dead-bones-lossa-morte/detail.aspx;http://allrecipes.com/recipe/pumpkin-raisin-cookies/detail.aspx
82871916;04/10/2022 18:48:08;Scenario Textual;Dessert;4;128;41;45;6;True;C;7;http://allrecipes.com/recipe/chocolate-cake-iv/detail.aspx;;http://allrecipes.com/recipe/best-oatmeal-raisin-cookies-ever/detail.aspx;http://allrecipes.com/recipe/giant-toffee-chocolate-chip-cookies/detail.aspx;http://allrecipes.com/recipe/boozy-irish-cake/detail.aspx;http://allrecipes.com/recipe/paleo-lemon-tarts/detail.aspx;http://allrecipes.com/recipe/streusel-apple-coffeecake/detail.aspx;4;5;http://allrecipes.com/recipe/lemon-souffle/detail.aspx,http://allrecipes.com/recipe/best-oatmeal-raisin-cookies-ever/detail.aspx,http://allrecipes.com/recipe/eggnog-cookies-ii/detail.aspx,http://allrecipes.com/recipe/giant-toffee-chocolate-chip-cookies/detail.aspx,http://allrecipes.com/recipe/indian-pudding-2/detail.aspx,http://allrecipes.com/recipe/boozy-irish-cake/detail.aspx,http://allrecipes.com/recipe/paleo-lemon-tarts/detail.aspx,http://allrecipes.com/recipe/raspberry-squares-for-junior-chefs/detail.aspx,http://allrecipes.com/recipe/streusel-apple-coffeecake/detail.aspx;http://allrecipes.com/recipe/cinnamon-chocolate-chip-cookies/detail.aspx - http://allrecipes.com/recipe/chocolate-cake-iv/detail.aspx;http://allrecipes.com/recipe/cinnamon-chocolate-chip-cookies/detail.aspx
874001778;04/10/2022 18:51:38;Scenario Textual;Snack;3;172;71;42;6;False;B;6;http://allrecipes.com/recipe/easy-restaurant-style-buffalo-chicken-wings/detail.aspx;pesce,legumes,vegetables,vegetables;http://allrecipes.com/recipe/gluten-free-granola-bars/detail.aspx;http://allrecipes.com/recipe/new-years-eve-chicken-wings/detail.aspx;http://allrecipes.com/recipe/egg-rolls/detail.aspx;http://allrecipes.com/recipe/italian-rice-croquettes/detail.aspx;http://allrecipes.com/recipe/alabama-fire-crackers/detail.aspx;8;5;http://allrecipes.com/recipe/summer-vegetable-and-goat-cheese-galettes/detail.aspx,http://allrecipes.com/recipe/artichoke-and-roasted-red-pepper-dip/detail.aspx,http://allrecipes.com/recipe/honey-pumpkin-seeds/detail.aspx,http://allrecipes.com/recipe/gluten-free-granola-bars/detail.aspx,http://allrecipes.com/recipe/no-mayo-deviled-eggs/detail.aspx,http://allrecipes.com/recipe/my-crab-cakes/detail.aspx,http://allrecipes.com/recipe/new-years-eve-chicken-wings/detail.aspx,http://allrecipes.com/recipe/spam-fries-with-spicy-garlic-sriracha-dipping-sauce/detail.aspx,http://allrecipes.com/recipe/egg-rolls/detail.aspx,http://allrecipes.com/recipe/stuffed-mushrooms-i/detail.aspx,http://allrecipes.com/recipe/artichoke-mushroom-and-parma-ham-tart/detail.aspx,http://allrecipes.com/recipe/italian-rice-croquettes/detail.aspx,http://allrecipes.com/recipe/alabama-fire-crackers/detail.aspx;http://allrecipes.com/recipe/easy-restaurant-style-buffalo-chicken-wings/detail.aspx - http://allrecipes.com/recipe/fresh-spring-rolls/detail.aspx;http://allrecipes.com/recipe/fresh-spring-rolls/detail.aspx
1521370131;04/10/2022 18:54:26;Scenario Textual;Snack;5;100;43;23;6;True;C;5;http://allrecipes.com/recipe/wonton-wrappers/detail.aspx;Meat;http://allrecipes.com/recipe/stuffed-mushrooms-i/detail.aspx;http://allrecipes.com/recipe/baked-brie-with-mushrooms-and-almonds/detail.aspx;http://allrecipes.com/recipe/cheesy-breads/detail.aspx;http://allrecipes.com/recipe/delicious-non-traditional-guacamole/detail.aspx;http://allrecipes.com/recipe/cheddar-crackers/detail.aspx;0;5;http://allrecipes.com/recipe/stuffed-mushrooms-i/detail.aspx,http://allrecipes.com/recipe/baked-brie-with-mushrooms-and-almonds/detail.aspx,http://allrecipes.com/recipe/cheesy-breads/detail.aspx,http://allrecipes.com/recipe/delicious-non-traditional-guacamole/detail.aspx,http://allrecipes.com/recipe/cheddar-crackers/detail.aspx;http://allrecipes.com/recipe/seafood-stuffed-mushrooms/detail.aspx - http://allrecipes.com/recipe/wonton-wrappers/detail.aspx;http://allrecipes.com/recipe/seafood-stuffed-mushrooms/detail.aspx
367897987;04/10/2022 18:58:29;Scenario Textual;Pasta;5;320;110;80;6;False;C;7;http://allrecipes.com/recipe/fresh-spinach-and-sun-dried-tomato-lasagna/detail.aspx;;http://allrecipes.com/recipe/baked-spaghetti-squash-lasagna-style/detail.aspx;http://allrecipes.com/recipe/greek-goddess-pasta-salad/detail.aspx;http://allrecipes.com/recipe/mac-and-cheese-i/detail.aspx;http://allrecipes.com/recipe/how-to-make-bolognese-sauce/detail.aspx;http://allrecipes.com/recipe/carries-artichoke-and-sun-dried-tomato-pasta/detail.aspx;5;5;http://allrecipes.com/recipe/sloppy-joe-mac-and-cheese/detail.aspx,http://allrecipes.com/recipe/baked-spaghetti-squash-lasagna-style/detail.aspx,http://allrecipes.com/recipe/soupier-mac-and-cheese/detail.aspx,http://allrecipes.com/recipe/katies-chicken-and-broccoli-pasta/detail.aspx,http://allrecipes.com/recipe/greek-goddess-pasta-salad/detail.aspx,http://allrecipes.com/recipe/mac-and-cheese-i/detail.aspx,http://allrecipes.com/recipe/sweet-pea-and-noodle-salad/detail.aspx,http://allrecipes.com/recipe/how-to-make-bolognese-sauce/detail.aspx,http://allrecipes.com/recipe/mac-and-cheese-henwood-style/detail.aspx,http://allrecipes.com/recipe/carries-artichoke-and-sun-dried-tomato-pasta/detail.aspx;http://allrecipes.com/recipe/fresh-spinach-and-sun-dried-tomato-lasagna/detail.aspx - http://allrecipes.com/recipe/marinara-with-white-wine/detail.aspx;http://allrecipes.com/recipe/marinara-with-white-wine/detail.aspx
82871916;04/10/2022 19:06:27;Scenario Multi-modal (Text + Image);Snack;4;125;62;21;6;True;A;5;http://allrecipes.com/recipe/honey-lime-chicken-wings/detail.aspx;Cholesterolemia;http://allrecipes.com/recipe/salmon-croquettes/detail.aspx;http://allrecipes.com/recipe/strawberry-pineapple-chicken-bites/detail.aspx;http://allrecipes.com/recipe/egg-rolls/detail.aspx;http://allrecipes.com/recipe/bacon-chicken-livers/detail.aspx;http://allrecipes.com/recipe/roasted-jerusalem-artichokes-or-sunchokes/detail.aspx;5;5;http://allrecipes.com/recipe/salmon-croquettes/detail.aspx,http://allrecipes.com/recipe/pistachio-twists/detail.aspx,http://allrecipes.com/recipe/easter-deviled-eggs/detail.aspx,http://allrecipes.com/recipe/strawberry-pineapple-chicken-bites/detail.aspx,http://allrecipes.com/recipe/little-green-eggs-and-ham-devils/detail.aspx,http://allrecipes.com/recipe/egg-rolls/detail.aspx,http://allrecipes.com/recipe/bacon-chicken-livers/detail.aspx,http://allrecipes.com/recipe/just-garlic-toast/detail.aspx,http://allrecipes.com/recipe/texas-caviar-with-avocado/detail.aspx,http://allrecipes.com/recipe/roasted-jerusalem-artichokes-or-sunchokes/detail.aspx;http://allrecipes.com/recipe/baked-cherry-tomatoes-with-garlic/detail.aspx - http://allrecipes.com/recipe/honey-lime-chicken-wings/detail.aspx;http://allrecipes.com/recipe/baked-cherry-tomatoes-with-garlic/detail.aspx
1521370131;04/10/2022 19:07:04;Scenario Multi-modal (Text + Image);Dessert;5;190;129;41;9;False;C;9;http://allrecipes.com/recipe/fabulously-sweet-pear-cake/detail.aspx;Alcohol,Lactose;http://allrecipes.com/recipe/grapefruit-bars/detail.aspx;http://allrecipes.com/recipe/pie-snacking-cake/detail.aspx;http://allrecipes.com/recipe/moist-carrot-cake/detail.aspx;http://allrecipes.com/recipe/lemon-bundt-cake/detail.aspx;http://allrecipes.com/recipe/mincemeat-cookies-i/detail.aspx;25;5;http://allrecipes.com/recipe/candied-flowers/detail.aspx,http://allrecipes.com/recipe/anise-almond-biscotti/detail.aspx,http://allrecipes.com/recipe/grapefruit-bars/detail.aspx,http://allrecipes.com/recipe/pie-snacking-cake/detail.aspx,http://allrecipes.com/recipe/easy-chocolate-tofu-pie/detail.aspx,http://allrecipes.com/recipe/pumpkin-raisin-cookies/detail.aspx,http://allrecipes.com/recipe/chilled-cantaloupe-soup/detail.aspx,http://allrecipes.com/recipe/pignoli-cookies-i/detail.aspx,http://allrecipes.com/recipe/stir-and-drop-sugar-cookies-i/detail.aspx,http://allrecipes.com/recipe/gumdrop-gems/detail.aspx,http://allrecipes.com/recipe/grandmas-coconut-corn-flake-cookies/detail.aspx,http://allrecipes.com/recipe/pinwheel-cookies-iii/detail.aspx,http://allrecipes.com/recipe/old-time-popcorn-balls/detail.aspx,http://allrecipes.com/recipe/peppernotter-scandinavian-christmas-cookies/detail.aspx,http://allrecipes.com/recipe/moist-carrot-cake/detail.aspx,http://allrecipes.com/recipe/dead-bones-lossa-morte/detail.aspx,http://allrecipes.com/recipe/rumford-sugar-cookies/detail.aspx,http://allrecipes.com/recipe/pistachio-salad/detail.aspx,http://allrecipes.com/recipe/applesauce-spice-cake/detail.aspx,http://allrecipes.com/recipe/nectar-kake/detail.aspx,http://allrecipes.com/recipe/cinnamon-apple-quesadillas/detail.aspx,http://allrecipes.com/recipe/paleo-lemon-tarts/detail.aspx,http://allrecipes.com/recipe/georgia-spiced-peaches/detail.aspx,http://allrecipes.com/recipe/lemon-bundt-cake/detail.aspx,http://allrecipes.com/recipe/pignoli-cookies-ii/detail.aspx,http://allrecipes.com/recipe/lemon-whippersnappers/detail.aspx,http://allrecipes.com/recipe/sunny-sponge-cake/detail.aspx,http://allrecipes.com/recipe/hawaiian-wedding-cake-i/detail.aspx,http://allrecipes.com/recipe/pineapple-carrot-quick-bread/detail.aspx,http://allrecipes.com/recipe/mincemeat-cookies-i/detail.aspx;http://allrecipes.com/recipe/pinwheel-cookies-iii/detail.aspx - http://allrecipes.com/recipe/pineapple-carrot-quick-bread/detail.aspx,http://allrecipes.com/recipe/chocolate-crinkles-ii/detail.aspx - http://allrecipes.com/recipe/candied-flowers/detail.aspx,http://allrecipes.com/recipe/applesauce-spice-cake/detail.aspx - http://allrecipes.com/recipe/hawaiian-wedding-cake-i/detail.aspx,http://allrecipes.com/recipe/fabulously-sweet-pear-cake/detail.aspx - http://allrecipes.com/recipe/dead-bones-lossa-morte/detail.aspx;http://allrecipes.com/recipe/dead-bones-lossa-morte/detail.aspx
367897987;04/10/2022 19:07:26;Scenario Multi-modal (Text + Image);Snack;5;173;77;54;6;True;A;5;http://allrecipes.com/recipe/beer-battered-fried-vegetables/detail.aspx;;http://allrecipes.com/recipe/mini-pizzas/detail.aspx;http://allrecipes.com/recipe/cheeseburger-egg-rolls/detail.aspx;http://allrecipes.com/recipe/carrot-and-tuna-bites/detail.aspx;http://allrecipes.com/recipe/snack-crackers/detail.aspx;http://allrecipes.com/recipe/dill-wrapped-cream-cheese/detail.aspx;7;5;http://allrecipes.com/recipe/pear-and-blue-cheese-tarts/detail.aspx,http://allrecipes.com/recipe/insanely-amazing-jalapeno-cheese-dip/detail.aspx,http://allrecipes.com/recipe/mini-pizzas/detail.aspx,http://allrecipes.com/recipe/crab-canapes/detail.aspx,http://allrecipes.com/recipe/cheeseburger-egg-rolls/detail.aspx,http://allrecipes.com/recipe/daddys-popcorn/detail.aspx,http://allrecipes.com/recipe/carrot-and-tuna-bites/detail.aspx,http://allrecipes.com/recipe/lavosh/detail.aspx,http://allrecipes.com/recipe/seafood-dip-i/detail.aspx,http://allrecipes.com/recipe/snack-crackers/detail.aspx,http://allrecipes.com/recipe/honey-roasted-almonds/detail.aspx,http://allrecipes.com/recipe/dill-wrapped-cream-cheese/detail.aspx;http://allrecipes.com/recipe/vegetable-pizza-squares/detail.aspx - http://allrecipes.com/recipe/beer-battered-fried-vegetables/detail.aspx;http://allrecipes.com/recipe/vegetable-pizza-squares/detail.aspx
871280331;04/10/2022 19:08:18;Scenario Multi-modal (Text + Image);Salad;5;143;53;27;6;True;C;5;http://allrecipes.com/recipe/cucumber-salad-i/detail.aspx;Lactose;http://allrecipes.com/recipe/angels-cabbage-salad/detail.aspx;http://allrecipes.com/recipe/easy-broccoli-slaw-salad/detail.aspx;http://allrecipes.com/recipe/arugula-and-romaine-salad-with-red-grapes/detail.aspx;http://allrecipes.com/recipe/iceberg-wedge-salad-with-warm-bacon-dressing/detail.aspx;http://allrecipes.com/recipe/donna-leighs-creamy-broccoli-slaw/detail.aspx;5;5;http://allrecipes.com/recipe/angels-cabbage-salad/detail.aspx,http://allrecipes.com/recipe/red-cabbage-and-chickpea-salad/detail.aspx,http://allrecipes.com/recipe/mexican-style-black-bean-and-corn-salad/detail.aspx,http://allrecipes.com/recipe/easy-broccoli-slaw-salad/detail.aspx,http://allrecipes.com/recipe/arugula-and-romaine-salad-with-red-grapes/detail.aspx,http://allrecipes.com/recipe/iceberg-wedge-salad-with-warm-bacon-dressing/detail.aspx,http://allrecipes.com/recipe/asparagus-and-mandarin-orange-salad/detail.aspx,http://allrecipes.com/recipe/sunflower-coleslaw/detail.aspx,http://allrecipes.com/recipe/mom-dills-harlequin-salad/detail.aspx,http://allrecipes.com/recipe/donna-leighs-creamy-broccoli-slaw/detail.aspx;http://allrecipes.com/recipe/broccoli-coleslaw/detail.aspx - http://allrecipes.com/recipe/cucumber-salad-i/detail.aspx;http://allrecipes.com/recipe/broccoli-coleslaw/detail.aspx
874001778;04/10/2022 19:17:19;Scenario Multi-modal (Text + Image);Snack;4;627;102;103;7;False;C;7;http://allrecipes.com/recipe/lavosh/detail.aspx;lentils,tuna fish,salmon,cod,mussels,oysters,ceci,beans,mushrooms,chili pepper;http://allrecipes.com/recipe/potato-skins/detail.aspx;http://allrecipes.com/recipe/cream-cheese-and-crab-sushi-rolls/detail.aspx;http://allrecipes.com/recipe/wonton-wrappers/detail.aspx;http://allrecipes.com/recipe/jens-mini-ham-and-cheese-rolls/detail.aspx;http://allrecipes.com/recipe/pistachio-twists/detail.aspx;7;5;http://allrecipes.com/recipe/erins-pico-de-gallo/detail.aspx,http://allrecipes.com/recipe/potato-skins/detail.aspx,http://allrecipes.com/recipe/cream-cheese-and-crab-sushi-rolls/detail.aspx,http://allrecipes.com/recipe/mexican-style-dip/detail.aspx,http://allrecipes.com/recipe/wonton-wrappers/detail.aspx,http://allrecipes.com/recipe/kimberlys-curried-deviled-eggs/detail.aspx,http://allrecipes.com/recipe/shrimp-ramakis/detail.aspx,http://allrecipes.com/recipe/rye-bread-party-pizzas/detail.aspx,http://allrecipes.com/recipe/jens-mini-ham-and-cheese-rolls/detail.aspx,http://allrecipes.com/recipe/italian-torte/detail.aspx,http://allrecipes.com/recipe/easter-deviled-eggs/detail.aspx,http://allrecipes.com/recipe/pistachio-twists/detail.aspx;http://allrecipes.com/recipe/lavosh/detail.aspx - http://allrecipes.com/recipe/kens-perfect-hard-boiled-egg-and-i-mean-perfect/detail.aspx;http://allrecipes.com/recipe/kens-perfect-hard-boiled-egg-and-i-mean-perfect/detail.aspx
871280331;04/10/2022 19:25:52;Scenario Textual;Snack;5;108;44;21;6;False;A;5;http://allrecipes.com/recipe/crispy-pork-wontons/detail.aspx;Lactose;http://allrecipes.com/recipe/leftover-turkey-spring-rolls-with-cranberry-sweet-and-sour-dipping-sauce/detail.aspx;http://allrecipes.com/recipe/sweet-n-sour-meatballs-3/detail.aspx;http://allrecipes.com/recipe/pork-dumplings/detail.aspx;http://allrecipes.com/recipe/thai-chicken-balls/detail.aspx;http://allrecipes.com/recipe/grilled-spicy-sweet-potato-chips/detail.aspx;2;5;http://allrecipes.com/recipe/leftover-turkey-spring-rolls-with-cranberry-sweet-and-sour-dipping-sauce/detail.aspx,http://allrecipes.com/recipe/texas-hotdog-sauce/detail.aspx,http://allrecipes.com/recipe/sweet-n-sour-meatballs-3/detail.aspx,http://allrecipes.com/recipe/pork-dumplings/detail.aspx,http://allrecipes.com/recipe/chicken-wraps/detail.aspx,http://allrecipes.com/recipe/thai-chicken-balls/detail.aspx,http://allrecipes.com/recipe/grilled-spicy-sweet-potato-chips/detail.aspx;http://allrecipes.com/recipe/crispy-pork-wontons/detail.aspx - http://allrecipes.com/recipe/strawberry-pineapple-chicken-bites/detail.aspx;http://allrecipes.com/recipe/strawberry-pineapple-chicken-bites/detail.aspx
5755617144;05/10/2022 14:47:38;Scenario Textual;Snack;3;138;46;24;6;True;A;5;http://allrecipes.com/recipe/beer-battered-fried-vegetables/detail.aspx;;http://allrecipes.com/recipe/creamy-grilled-cheese-roll-ups/detail.aspx;http://allrecipes.com/recipe/delicious-non-traditional-guacamole/detail.aspx;http://allrecipes.com/recipe/pizza-moons/detail.aspx;http://allrecipes.com/recipe/mini-crescent-roll-burgers/detail.aspx;http://allrecipes.com/recipe/sweet-and-sour-meatballs-suan-tien-niu-jou-po-lo-la-tzu/detail.aspx;6;5;http://allrecipes.com/recipe/creamy-grilled-cheese-roll-ups/detail.aspx,http://allrecipes.com/recipe/delicious-non-traditional-guacamole/detail.aspx,http://allrecipes.com/recipe/veronicas-hot-spinach-artichoke-and-chile-dip/detail.aspx,http://allrecipes.com/recipe/sweet-and-spicy-pecans/detail.aspx,http://allrecipes.com/recipe/pizza-moons/detail.aspx,http://allrecipes.com/recipe/apple-dip/detail.aspx,http://allrecipes.com/recipe/easy-fava-bean-salad/detail.aspx,http://allrecipes.com/recipe/playgroup-granola-bars/detail.aspx,http://allrecipes.com/recipe/mini-crescent-roll-burgers/detail.aspx,http://allrecipes.com/recipe/no-bake-protein-bars/detail.aspx,http://allrecipes.com/recipe/sweet-and-sour-meatballs-suan-tien-niu-jou-po-lo-la-tzu/detail.aspx;http://allrecipes.com/recipe/cheeseburger-egg-rolls/detail.aspx - http://allrecipes.com/recipe/beer-battered-fried-vegetables/detail.aspx;http://allrecipes.com/recipe/cheeseburger-egg-rolls/detail.aspx
862477796;05/10/2022 14:49:24;Scenario Textual;Dessert;5;111;31;48;6;False;E;10;http://allrecipes.com/recipe/scottleys-basic-yellow-cake/detail.aspx;I have no allergies;http://allrecipes.com/recipe/white-brownies/detail.aspx;http://allrecipes.com/recipe/caramel-sea-salt-dark-chocolate-coins/detail.aspx;http://allrecipes.com/recipe/toffee-chunk-cheesecake/detail.aspx;http://allrecipes.com/recipe/easy-eggnog-cupcakes/detail.aspx;http://allrecipes.com/recipe/cupcake-princess-vanilla-cupcakes/detail.aspx;4;5;http://allrecipes.com/recipe/spicy-pear-cookies/detail.aspx,http://allrecipes.com/recipe/white-brownies/detail.aspx,http://allrecipes.com/recipe/caramel-sea-salt-dark-chocolate-coins/detail.aspx,http://allrecipes.com/recipe/toffee-chunk-cheesecake/detail.aspx,http://allrecipes.com/recipe/jelly-roll/detail.aspx,http://allrecipes.com/recipe/easy-eggnog-cupcakes/detail.aspx,http://allrecipes.com/recipe/evil-cookies/detail.aspx,http://allrecipes.com/recipe/sago-pudding-gula-melaka/detail.aspx,http://allrecipes.com/recipe/cupcake-princess-vanilla-cupcakes/detail.aspx;http://allrecipes.com/recipe/scottleys-basic-yellow-cake/detail.aspx - http://allrecipes.com/recipe/floating-islands-ii/detail.aspx;http://allrecipes.com/recipe/floating-islands-ii/detail.aspx
5755617144;05/10/2022 14:53:45;Scenario Multi-modal (Text + Image);Pasta;4;86;44;26;6;False;A;7;http://allrecipes.com/recipe/carries-artichoke-and-sun-dried-tomato-pasta/detail.aspx;;http://allrecipes.com/recipe/spam-on-the-go/detail.aspx;http://allrecipes.com/recipe/lemon-butter-herb-pasta/detail.aspx;http://allrecipes.com/recipe/sandys-greek-pasta-salad/detail.aspx;http://allrecipes.com/recipe/baked-penne-with-italian-sausage/detail.aspx;http://allrecipes.com/recipe/famous-restaurant-alfredo-sauce/detail.aspx;11;5;http://allrecipes.com/recipe/spam-on-the-go/detail.aspx,http://allrecipes.com/recipe/fennel-prawn-conchiglie/detail.aspx,http://allrecipes.com/recipe/broccoli-mac-and-cheese-with-bacon-and-potato-nugget-topping/detail.aspx,http://allrecipes.com/recipe/lemon-butter-herb-pasta/detail.aspx,http://allrecipes.com/recipe/sandys-greek-pasta-salad/detail.aspx,http://allrecipes.com/recipe/spag-bol/detail.aspx,http://allrecipes.com/recipe/three-cheese-manicotti-ii/detail.aspx,http://allrecipes.com/recipe/rotelle-pasta-salad/detail.aspx,http://allrecipes.com/recipe/baked-penne-with-italian-sausage/detail.aspx,http://allrecipes.com/recipe/marinara-with-white-wine/detail.aspx,http://allrecipes.com/recipe/pasta-with-vegetables/detail.aspx,http://allrecipes.com/recipe/ragin-cajun-pasta/detail.aspx,http://allrecipes.com/recipe/pork-with-linguine-and-blue-cheese-mushroom-sauce/detail.aspx,http://allrecipes.com/recipe/pasta-and-bean-casserole/detail.aspx,http://allrecipes.com/recipe/bow-tie-pasta-with-red-pepper-sauce/detail.aspx,http://allrecipes.com/recipe/famous-restaurant-alfredo-sauce/detail.aspx;http://allrecipes.com/recipe/carries-artichoke-and-sun-dried-tomato-pasta/detail.aspx - http://allrecipes.com/recipe/tomato-and-basil-pasta-sauce/detail.aspx;http://allrecipes.com/recipe/tomato-and-basil-pasta-sauce/detail.aspx
862477796;05/10/2022 14:53:55;Scenario Multi-modal (Text + Image);Pasta;5;105;44;22;6;False;B;7;http://allrecipes.com/recipe/deep-dish-lasagna/detail.aspx;;http://allrecipes.com/recipe/farfalle-with-ham-and-peas/detail.aspx;http://allrecipes.com/recipe/restaurant-style-lasagna/detail.aspx;http://allrecipes.com/recipe/sausage-and-zucchini-lasagna/detail.aspx;http://allrecipes.com/recipe/mediterranean-style-eggplant-pasta/detail.aspx;http://allrecipes.com/recipe/3-cheese-eggplant-lasagna/detail.aspx;9;5;http://allrecipes.com/recipe/farfalle-with-ham-and-peas/detail.aspx,http://allrecipes.com/recipe/alfredo-light/detail.aspx,http://allrecipes.com/recipe/pasta-and-bean-casserole/detail.aspx,http://allrecipes.com/recipe/restaurant-style-lasagna/detail.aspx,http://allrecipes.com/recipe/spicy-sesame-noodle-salad/detail.aspx,http://allrecipes.com/recipe/southern-macaroni-and-cheese-pie/detail.aspx,http://allrecipes.com/recipe/spaghetti-with-broccoli-and-mushrooms/detail.aspx,http://allrecipes.com/recipe/pastitsio-iii/detail.aspx,http://allrecipes.com/recipe/sausage-and-zucchini-lasagna/detail.aspx,http://allrecipes.com/recipe/tomato-cream-sauce-for-pasta/detail.aspx,http://allrecipes.com/recipe/chicken-and-pasta-in-a-mango-cream-sauce/detail.aspx,http://allrecipes.com/recipe/mediterranean-style-eggplant-pasta/detail.aspx,http://allrecipes.com/recipe/linguini-with-vegetables/detail.aspx,http://allrecipes.com/recipe/3-cheese-eggplant-lasagna/detail.aspx;http://allrecipes.com/recipe/deep-dish-lasagna/detail.aspx - http://allrecipes.com/recipe/turkey-lasagna-with-butternut-squash-zucchini-and-spinach/detail.aspx;http://allrecipes.com/recipe/turkey-lasagna-with-butternut-squash-zucchini-and-spinach/detail.aspx
5236667434;05/10/2022 15:03:46;Scenario Textual;Pasta;5;174;49;41;7;True;A;5;http://allrecipes.com/recipe/tomato-and-basil-pasta-sauce/detail.aspx;;http://allrecipes.com/recipe/barbecue-lasagna/detail.aspx;http://allrecipes.com/recipe/veggie-chicken-pasta/detail.aspx;http://allrecipes.com/recipe/sausage-and-zucchini-lasagna/detail.aspx;http://allrecipes.com/recipe/pasta-pomodoro/detail.aspx;http://allrecipes.com/recipe/brooklyn-girls-penne-arrabiata/detail.aspx;7;5;http://allrecipes.com/recipe/greek-god-pasta/detail.aspx,http://allrecipes.com/recipe/rapini-walnut-macaroni/detail.aspx,http://allrecipes.com/recipe/barbecue-lasagna/detail.aspx,http://allrecipes.com/recipe/black-bean-lasagna-ii/detail.aspx,http://allrecipes.com/recipe/couscous-royale/detail.aspx,http://allrecipes.com/recipe/cheese-and-pecan-pasta-salad/detail.aspx,http://allrecipes.com/recipe/veggie-chicken-pasta/detail.aspx,http://allrecipes.com/recipe/sausage-and-zucchini-lasagna/detail.aspx,http://allrecipes.com/recipe/easy-sausage-peppers-and-onions-with-elbows/detail.aspx,http://allrecipes.com/recipe/polish-noodles-cottage-cheese-and-noodles/detail.aspx,http://allrecipes.com/recipe/pasta-pomodoro/detail.aspx,http://allrecipes.com/recipe/brooklyn-girls-penne-arrabiata/detail.aspx;http://allrecipes.com/recipe/deep-dish-lasagna/detail.aspx - http://allrecipes.com/recipe/pasta-primavera-with-smoked-gouda/detail.aspx,http://allrecipes.com/recipe/fabulous-foolproof-lasagna/detail.aspx - http://allrecipes.com/recipe/tomato-and-basil-pasta-sauce/detail.aspx;http://allrecipes.com/recipe/fabulous-foolproof-lasagna/detail.aspx
5236667434;05/10/2022 15:06:27;Scenario Multi-modal (Text + Image);Dessert;5;60;19;13;6;False;E;11;http://allrecipes.com/recipe/chocolate-chunk-and-pecan-cookies/detail.aspx;;http://allrecipes.com/recipe/mound-bars/detail.aspx;http://allrecipes.com/recipe/apple-brownies/detail.aspx;http://allrecipes.com/recipe/grandma-jackies-valentine-cake/detail.aspx;http://allrecipes.com/recipe/peach-and-cream-cheese-torte/detail.aspx;http://allrecipes.com/recipe/toffee-chunk-cheesecake/detail.aspx;3;5;http://allrecipes.com/recipe/mound-bars/detail.aspx,http://allrecipes.com/recipe/apple-brownies/detail.aspx,http://allrecipes.com/recipe/poppy-seed-cookies-iii/detail.aspx,http://allrecipes.com/recipe/grandma-jackies-valentine-cake/detail.aspx,http://allrecipes.com/recipe/peach-and-cream-cheese-torte/detail.aspx,http://allrecipes.com/recipe/pudding-poke-cake/detail.aspx,http://allrecipes.com/recipe/apricot-brandy-pound-cake-iii/detail.aspx,http://allrecipes.com/recipe/toffee-chunk-cheesecake/detail.aspx;http://allrecipes.com/recipe/chocolate-chunk-and-pecan-cookies/detail.aspx - http://allrecipes.com/recipe/peaches-and-cream-pudding-2/detail.aspx;http://allrecipes.com/recipe/peaches-and-cream-pudding-2/detail.aspx
204831365;05/10/2022 16:13:16;Scenario Textual;Pasta;3;152;42;62;6;False;A;5;http://allrecipes.com/recipe/tomato-and-basil-pasta-sauce/detail.aspx;;http://allrecipes.com/recipe/hearty-mince/detail.aspx;http://allrecipes.com/recipe/spicy-creamy-tomato-sauce/detail.aspx;http://allrecipes.com/recipe/tonys-summer-pasta-2/detail.aspx;http://allrecipes.com/recipe/chicken-lasagna-iv/detail.aspx;http://allrecipes.com/recipe/noodle-pudding/detail.aspx;5;5;http://allrecipes.com/recipe/hearty-mince/detail.aspx,http://allrecipes.com/recipe/creamy-penne-pasta-primavera/detail.aspx,http://allrecipes.com/recipe/spicy-creamy-tomato-sauce/detail.aspx,http://allrecipes.com/recipe/layered-spinach-mostaccioli/detail.aspx,http://allrecipes.com/recipe/tonys-summer-pasta-2/detail.aspx,http://allrecipes.com/recipe/chorizo-and-broccoli-rabe-pasta/detail.aspx,http://allrecipes.com/recipe/pasta-salad-ii/detail.aspx,http://allrecipes.com/recipe/chicken-lasagna-iv/detail.aspx,http://allrecipes.com/recipe/macaroni-pineapple-and-ham-salad/detail.aspx,http://allrecipes.com/recipe/noodle-pudding/detail.aspx;http://allrecipes.com/recipe/tomato-and-basil-pasta-sauce/detail.aspx - http://allrecipes.com/recipe/herbed-chicken-pasta/detail.aspx;http://allrecipes.com/recipe/herbed-chicken-pasta/detail.aspx
771211371;05/10/2022 16:16:24;Scenario Textual;Dessert;5;73;41;15;6;False;E;11;http://allrecipes.com/recipe/chocolate-oat-squares/detail.aspx;;http://allrecipes.com/recipe/cookie-mix-in-a-jar-ii/detail.aspx;http://allrecipes.com/recipe/grandmas-fudge-cake/detail.aspx;http://allrecipes.com/recipe/chocolate-covered-cherries-iii/detail.aspx;http://allrecipes.com/recipe/giant-toffee-chocolate-chip-cookies/detail.aspx;http://allrecipes.com/recipe/paleo-lemon-tarts/detail.aspx;5;5;http://allrecipes.com/recipe/cookie-mix-in-a-jar-ii/detail.aspx,http://allrecipes.com/recipe/grandmas-fudge-cake/detail.aspx,http://allrecipes.com/recipe/georgia-spiced-peaches/detail.aspx,http://allrecipes.com/recipe/cannoli-pie/detail.aspx,http://allrecipes.com/recipe/peach-dumplings/detail.aspx,http://allrecipes.com/recipe/chocolate-covered-cherries-iii/detail.aspx,http://allrecipes.com/recipe/giant-toffee-chocolate-chip-cookies/detail.aspx,http://allrecipes.com/recipe/kathys-peanut-butterfinger-oatmeal-cookies/detail.aspx,http://allrecipes.com/recipe/healthier-easy-sugar-cookies/detail.aspx,http://allrecipes.com/recipe/paleo-lemon-tarts/detail.aspx;http://allrecipes.com/recipe/chocolate-oat-squares/detail.aspx - http://allrecipes.com/recipe/chocolate-cake-iv/detail.aspx;http://allrecipes.com/recipe/chocolate-cake-iv/detail.aspx
204831365;05/10/2022 16:21:18;Scenario Multi-modal (Text + Image);Dessert;3;109;82;8;6;False;D;9;http://allrecipes.com/recipe/sleepy-cake/detail.aspx;;http://allrecipes.com/recipe/chocolate-covered-cherries/detail.aspx;http://allrecipes.com/recipe/orange-meringue-pie-3/detail.aspx;http://allrecipes.com/recipe/nanaimo-bars-iii/detail.aspx;http://allrecipes.com/recipe/easy-pistachio-ice-cream/detail.aspx;http://allrecipes.com/recipe/rich-chocolate-cupcake/detail.aspx;5;5;http://allrecipes.com/recipe/french-quarter-bread-pudding/detail.aspx,http://allrecipes.com/recipe/sour-cream-coffee-cake-iii/detail.aspx,http://allrecipes.com/recipe/banana-upside-down-cake/detail.aspx,http://allrecipes.com/recipe/chocolate-covered-cherries/detail.aspx,http://allrecipes.com/recipe/indian-pudding/detail.aspx,http://allrecipes.com/recipe/orange-meringue-pie-3/detail.aspx,http://allrecipes.com/recipe/nanaimo-bars-iii/detail.aspx,http://allrecipes.com/recipe/easy-pistachio-ice-cream/detail.aspx,http://allrecipes.com/recipe/peach-and-cream-cheese-torte/detail.aspx,http://allrecipes.com/recipe/rich-chocolate-cupcake/detail.aspx;http://allrecipes.com/recipe/sleepy-cake/detail.aspx - http://allrecipes.com/recipe/chocolate-cake-iv/detail.aspx;http://allrecipes.com/recipe/chocolate-cake-iv/detail.aspx
771211371;05/10/2022 16:22:21;Scenario Multi-modal (Text + Image);Pasta;5;84;62;14;6;False;B;7;http://allrecipes.com/recipe/simple-red-sauce-with-pasta/detail.aspx;;http://allrecipes.com/recipe/spicy-sesame-noodle-salad/detail.aspx;http://allrecipes.com/recipe/pasta-salad-i/detail.aspx;http://allrecipes.com/recipe/farfalle-festival/detail.aspx;http://allrecipes.com/recipe/penne-russo-a-la-vodka/detail.aspx;http://allrecipes.com/recipe/quick-italian-pasta-salad/detail.aspx;12;5;http://allrecipes.com/recipe/lisas-lasagne/detail.aspx,http://allrecipes.com/recipe/cheater-baked-ziti/detail.aspx,http://allrecipes.com/recipe/spicy-sesame-noodle-salad/detail.aspx,http://allrecipes.com/recipe/pasta-salad-i/detail.aspx,http://allrecipes.com/recipe/farfalle-festival/detail.aspx,http://allrecipes.com/recipe/reuben-mac-and-cheese/detail.aspx,http://allrecipes.com/recipe/penne-russo-a-la-vodka/detail.aspx,http://allrecipes.com/recipe/allies-delicious-macaroni-and-cheese/detail.aspx,http://allrecipes.com/recipe/fried-mac-and-cheese-balls/detail.aspx,http://allrecipes.com/recipe/absolutely-fabulous-portobello-mushroom-tortellini/detail.aspx,http://allrecipes.com/recipe/sausage-pasta-2/detail.aspx,http://allrecipes.com/recipe/spicy-creamy-tomato-sauce/detail.aspx,http://allrecipes.com/recipe/fettuccine-alfredo-with-ham/detail.aspx,http://allrecipes.com/recipe/florentine-fettuccini/detail.aspx,http://allrecipes.com/recipe/tortellini-southwest/detail.aspx,http://allrecipes.com/recipe/macaroni-salad-for-a-crowd/detail.aspx,http://allrecipes.com/recipe/quick-italian-pasta-salad/detail.aspx;http://allrecipes.com/recipe/simple-red-sauce-with-pasta/detail.aspx - http://allrecipes.com/recipe/pasta-with-vegetables/detail.aspx;http://allrecipes.com/recipe/pasta-with-vegetables/detail.aspx
43882396;05/10/2022 16:48:19;Scenario Textual;Snack;3;77;28;26;6;True;B;5;http://allrecipes.com/recipe/balsamic-mushrooms/detail.aspx;;http://allrecipes.com/recipe/grilled-portobello-mushrooms/detail.aspx;http://allrecipes.com/recipe/pogaca-feta-dumplings/detail.aspx;http://allrecipes.com/recipe/deviled-eggs/detail.aspx;http://allrecipes.com/recipe/crispy-pork-wontons/detail.aspx;http://allrecipes.com/recipe/cottage-cheese-croquettes/detail.aspx;2;5;http://allrecipes.com/recipe/grilled-portobello-mushrooms/detail.aspx,http://allrecipes.com/recipe/pogaca-feta-dumplings/detail.aspx,http://allrecipes.com/recipe/little-green-eggs-and-ham-devils/detail.aspx,http://allrecipes.com/recipe/cajun-spiced-roasted-pumpkin-seeds/detail.aspx,http://allrecipes.com/recipe/deviled-eggs/detail.aspx,http://allrecipes.com/recipe/crispy-pork-wontons/detail.aspx,http://allrecipes.com/recipe/cottage-cheese-croquettes/detail.aspx;http://allrecipes.com/recipe/mother-in-law-eggs/detail.aspx - http://allrecipes.com/recipe/balsamic-mushrooms/detail.aspx;http://allrecipes.com/recipe/mother-in-law-eggs/detail.aspx
43882396;05/10/2022 16:52:24;Scenario Multi-modal (Text + Image);Snack;5;51;23;9;6;True;A;5;http://allrecipes.com/recipe/grilled-spicy-sweet-potato-chips/detail.aspx;;http://allrecipes.com/recipe/delectable-deviled-eggs/detail.aspx;http://allrecipes.com/recipe/bruschetta-i/detail.aspx;http://allrecipes.com/recipe/tortilla-rollups/detail.aspx;http://allrecipes.com/recipe/honey-garlic-moose-meatballs/detail.aspx;http://allrecipes.com/recipe/indian-spiced-roasted-chickpeas/detail.aspx;3;5;http://allrecipes.com/recipe/delectable-deviled-eggs/detail.aspx,http://allrecipes.com/recipe/ranch-oyster-crackers/detail.aspx,http://allrecipes.com/recipe/bruschetta-i/detail.aspx,http://allrecipes.com/recipe/tortilla-rollups/detail.aspx,http://allrecipes.com/recipe/italian-torte/detail.aspx,http://allrecipes.com/recipe/jalapeno-popper-mushrooms/detail.aspx,http://allrecipes.com/recipe/honey-garlic-moose-meatballs/detail.aspx,http://allrecipes.com/recipe/indian-spiced-roasted-chickpeas/detail.aspx;http://allrecipes.com/recipe/no-fuss-falafel/detail.aspx - http://allrecipes.com/recipe/grilled-spicy-sweet-potato-chips/detail.aspx;http://allrecipes.com/recipe/no-fuss-falafel/detail.aspx
140643026;08/10/2022 17:59:23;Scenario Textual;Pasta;5;150;48;39;6;True;A;5;http://allrecipes.com/recipe/pasta-pomodoro/detail.aspx;peppers;http://allrecipes.com/recipe/creamy-pesto-sauce/detail.aspx;http://allrecipes.com/recipe/tomato-and-basil-pasta-sauce/detail.aspx;http://allrecipes.com/recipe/missys-lasagna/detail.aspx;http://allrecipes.com/recipe/ramen-noodle-salad/detail.aspx;http://allrecipes.com/recipe/easy-pasta-casserole/detail.aspx;4;5;http://allrecipes.com/recipe/creamy-pesto-sauce/detail.aspx,http://allrecipes.com/recipe/tomato-and-basil-pasta-sauce/detail.aspx,http://allrecipes.com/recipe/moms-peas-and-noodles/detail.aspx,http://allrecipes.com/recipe/pizza-shells/detail.aspx,http://allrecipes.com/recipe/missys-lasagna/detail.aspx,http://allrecipes.com/recipe/sweet-garlic-chicken/detail.aspx,http://allrecipes.com/recipe/ramen-noodle-salad/detail.aspx,http://allrecipes.com/recipe/grandmothers-polish-cabbage-and-noodles/detail.aspx,http://allrecipes.com/recipe/easy-pasta-casserole/detail.aspx;http://allrecipes.com/recipe/alla-checca/detail.aspx - http://allrecipes.com/recipe/pasta-pomodoro/detail.aspx;http://allrecipes.com/recipe/alla-checca/detail.aspx
140643026;08/10/2022 18:01:10;Scenario Multi-modal (Text + Image);Salad;5;79;23;19;6;True;A;4;http://allrecipes.com/recipe/warm-sweet-potato-salad/detail.aspx;peppers,garlic,Diabetes,Alcohol;http://allrecipes.com/recipe/estrellita-salad/detail.aspx;http://allrecipes.com/recipe/original-blue-cheese-coleslaw/detail.aspx;http://allrecipes.com/recipe/ranch-red-skin-potato-salad/detail.aspx;http://allrecipes.com/recipe/taco-salad-with-spinach/detail.aspx;http://allrecipes.com/recipe/balsamic-vinegar-potato-salad/detail.aspx;3;5;http://allrecipes.com/recipe/estrellita-salad/detail.aspx,http://allrecipes.com/recipe/tilapia-salad/detail.aspx,http://allrecipes.com/recipe/original-blue-cheese-coleslaw/detail.aspx,http://allrecipes.com/recipe/dill-and-shrimp-salad/detail.aspx,http://allrecipes.com/recipe/ranch-red-skin-potato-salad/detail.aspx,http://allrecipes.com/recipe/taco-salad-with-spinach/detail.aspx,http://allrecipes.com/recipe/kale-quinoa-salad/detail.aspx,http://allrecipes.com/recipe/balsamic-vinegar-potato-salad/detail.aspx;http://allrecipes.com/recipe/pats-baked-potato-salad/detail.aspx - http://allrecipes.com/recipe/warm-sweet-potato-salad/detail.aspx;http://allrecipes.com/recipe/pats-baked-potato-salad/detail.aspx
220770608;08/10/2022 18:18:59;Scenario Textual;Pasta;5;136;41;34;6;False;A;6;http://allrecipes.com/recipe/simple-spinach-lasagna/detail.aspx;;http://allrecipes.com/recipe/spaghetti-with-garlic-herbs-and-tomatoes/detail.aspx;http://allrecipes.com/recipe/slow-cooker-lasagna/detail.aspx;http://allrecipes.com/recipe/tortellini-southwest/detail.aspx;http://allrecipes.com/recipe/classic-carbonara-with-pancetta/detail.aspx;http://allrecipes.com/recipe/slow-cooker-venison-stroganoff-meal/detail.aspx;3;5;http://allrecipes.com/recipe/spaghetti-with-garlic-herbs-and-tomatoes/detail.aspx,http://allrecipes.com/recipe/chorizo-and-broccoli-rabe-pasta/detail.aspx,http://allrecipes.com/recipe/slow-cooker-lasagna/detail.aspx,http://allrecipes.com/recipe/bacon-ranch-macaroni-salad/detail.aspx,http://allrecipes.com/recipe/tortellini-southwest/detail.aspx,http://allrecipes.com/recipe/macaroni-and-cheese-casserole/detail.aspx,http://allrecipes.com/recipe/classic-carbonara-with-pancetta/detail.aspx,http://allrecipes.com/recipe/slow-cooker-venison-stroganoff-meal/detail.aspx;http://allrecipes.com/recipe/simple-spinach-lasagna/detail.aspx - http://allrecipes.com/recipe/tomato-and-basil-pasta-sauce/detail.aspx;http://allrecipes.com/recipe/tomato-and-basil-pasta-sauce/detail.aspx
779031445;08/10/2022 18:20:45;Scenario Textual;Pasta;5;217;73;45;6;True;A;4;http://allrecipes.com/recipe/nicoles-chicken-pasta/detail.aspx;parsley,dried fruit,verdure,Alcohol,Lactose;http://allrecipes.com/recipe/barbeque-macaroni-salad/detail.aspx;http://allrecipes.com/recipe/best-ever-pasta-salad/detail.aspx;http://allrecipes.com/recipe/sukhothai-pad-thai/detail.aspx;http://allrecipes.com/recipe/mexican-orzo-salad/detail.aspx;http://allrecipes.com/recipe/summer-penne-pasta/detail.aspx;10;5;http://allrecipes.com/recipe/ladonnas-spaghetti-with-sauce/detail.aspx,http://allrecipes.com/recipe/joels-jerk-chicken-pineapple-pasta/detail.aspx,http://allrecipes.com/recipe/rutabaga-salad/detail.aspx,http://allrecipes.com/recipe/blt-pasta-salad/detail.aspx,http://allrecipes.com/recipe/easy-sausage-peppers-and-onions-with-elbows/detail.aspx,http://allrecipes.com/recipe/awesome-sauce/detail.aspx,http://allrecipes.com/recipe/vegan-lentil-kale-and-red-onion-pasta/detail.aspx,http://allrecipes.com/recipe/barbeque-macaroni-salad/detail.aspx,http://allrecipes.com/recipe/best-ever-pasta-salad/detail.aspx,http://allrecipes.com/recipe/quick-pasta-sauce/detail.aspx,http://allrecipes.com/recipe/elbow-macaroni-and-kidney-bean-salad/detail.aspx,http://allrecipes.com/recipe/sukhothai-pad-thai/detail.aspx,http://allrecipes.com/recipe/sweet-pea-and-noodle-salad/detail.aspx,http://allrecipes.com/recipe/mexican-orzo-salad/detail.aspx,http://allrecipes.com/recipe/summer-penne-pasta/detail.aspx;http://allrecipes.com/recipe/greek-goddess-pasta-salad/detail.aspx - http://allrecipes.com/recipe/nicoles-chicken-pasta/detail.aspx;http://allrecipes.com/recipe/greek-goddess-pasta-salad/detail.aspx
37042527;08/10/2022 18:20:57;Scenario Textual;Snack;4;230;71;34;6;False;C;7;http://allrecipes.com/recipe/homestyle-potato-chips/detail.aspx;mozzarella,Lactose,Alcohol,Reflux;http://allrecipes.com/recipe/chia-seed-chips/detail.aspx;http://allrecipes.com/recipe/kowloons-chinese-chicken-wings/detail.aspx;http://allrecipes.com/recipe/honey-roasted-almonds/detail.aspx;http://allrecipes.com/recipe/yummy-potato-skins/detail.aspx;http://allrecipes.com/recipe/baked-pita-triangles/detail.aspx;10;5;http://allrecipes.com/recipe/chicken-won-tons/detail.aspx,http://allrecipes.com/recipe/texas-glazed-pecans/detail.aspx,http://allrecipes.com/recipe/almond-you-must-be-nuts-crackers/detail.aspx,http://allrecipes.com/recipe/chia-seed-chips/detail.aspx,http://allrecipes.com/recipe/kowloons-chinese-chicken-wings/detail.aspx,http://allrecipes.com/recipe/divine-hard-boiled-eggs/detail.aspx,http://allrecipes.com/recipe/easy-baked-tempeh/detail.aspx,http://allrecipes.com/recipe/chinese-style-stuffed-mushrooms/detail.aspx,http://allrecipes.com/recipe/wheat-crackers/detail.aspx,http://allrecipes.com/recipe/honey-roasted-almonds/detail.aspx,http://allrecipes.com/recipe/playgroup-granola-bars/detail.aspx,http://allrecipes.com/recipe/pecan-snack/detail.aspx,http://allrecipes.com/recipe/easy-roasted-chickpeas/detail.aspx,http://allrecipes.com/recipe/yummy-potato-skins/detail.aspx,http://allrecipes.com/recipe/baked-pita-triangles/detail.aspx;http://allrecipes.com/recipe/homestyle-potato-chips/detail.aspx - http://allrecipes.com/recipe/wonton-wrappers/detail.aspx;http://allrecipes.com/recipe/wonton-wrappers/detail.aspx
835030212;08/10/2022 18:21:55;Scenario Textual;Pasta;5;94;36;29;6;True;A;5;http://allrecipes.com/recipe/tomato-and-basil-pasta-sauce/detail.aspx;;http://allrecipes.com/recipe/florentine-fettuccini/detail.aspx;http://allrecipes.com/recipe/rustic-sausage-pasta/detail.aspx;http://allrecipes.com/recipe/tomato-cream-sauce-for-pasta/detail.aspx;http://allrecipes.com/recipe/chickn-parmesan-casserole/detail.aspx;http://allrecipes.com/recipe/tortellini-steak-and-caesar/detail.aspx;5;5;http://allrecipes.com/recipe/florentine-fettuccini/detail.aspx,http://allrecipes.com/recipe/rustic-sausage-pasta/detail.aspx,http://allrecipes.com/recipe/awesome-pasta-salad/detail.aspx,http://allrecipes.com/recipe/bow-tie-medley/detail.aspx,http://allrecipes.com/recipe/tuna-lasagna-casserole/detail.aspx,http://allrecipes.com/recipe/tonys-summer-pasta-2/detail.aspx,http://allrecipes.com/recipe/pasta-in-vodka-sauce/detail.aspx,http://allrecipes.com/recipe/tomato-cream-sauce-for-pasta/detail.aspx,http://allrecipes.com/recipe/chickn-parmesan-casserole/detail.aspx,http://allrecipes.com/recipe/tortellini-steak-and-caesar/detail.aspx;http://allrecipes.com/recipe/quick-pasta-sauce/detail.aspx - http://allrecipes.com/recipe/tomato-and-basil-pasta-sauce/detail.aspx;http://allrecipes.com/recipe/quick-pasta-sauce/detail.aspx
220770608;08/10/2022 18:26:12;Scenario Multi-modal (Text + Image);Snack;4;119;97;12;6;True;B;5;http://allrecipes.com/recipe/bruschetta-i/detail.aspx;;http://allrecipes.com/recipe/seafood-stuffed-mushrooms/detail.aspx;http://allrecipes.com/recipe/chicken-and-sun-dried-tomato-bruschetta/detail.aspx;http://allrecipes.com/recipe/cheese-puff-appetizers/detail.aspx;http://allrecipes.com/recipe/artichoke-bruschetta/detail.aspx;http://allrecipes.com/recipe/honey-lime-chicken-wings/detail.aspx;1;5;http://allrecipes.com/recipe/seafood-stuffed-mushrooms/detail.aspx,http://allrecipes.com/recipe/chicken-and-sun-dried-tomato-bruschetta/detail.aspx,http://allrecipes.com/recipe/cheese-puff-appetizers/detail.aspx,http://allrecipes.com/recipe/my-moms-roasted-peanuts/detail.aspx,http://allrecipes.com/recipe/artichoke-bruschetta/detail.aspx,http://allrecipes.com/recipe/honey-lime-chicken-wings/detail.aspx;http://allrecipes.com/recipe/the-best-seafood-stuffed-mushrooms/detail.aspx - http://allrecipes.com/recipe/bruschetta-i/detail.aspx;http://allrecipes.com/recipe/the-best-seafood-stuffed-mushrooms/detail.aspx
779031445;08/10/2022 18:26:14;Scenario Multi-modal (Text + Image);Snack;5;114;67;21;6;False;D;8;http://allrecipes.com/recipe/pork-dumplings/detail.aspx;Alcohol,Lactose;http://allrecipes.com/recipe/bruschetta-ii-2/detail.aspx;http://allrecipes.com/recipe/mango-spring-roll/detail.aspx;http://allrecipes.com/recipe/edamame-stuffed-wontons/detail.aspx;http://allrecipes.com/recipe/leftover-turkey-spring-rolls-with-cranberry-sweet-and-sour-dipping-sauce/detail.aspx;http://allrecipes.com/recipe/pistachio-twists/detail.aspx;6;5;http://allrecipes.com/recipe/traditional-hummus/detail.aspx,http://allrecipes.com/recipe/chia-seed-chips/detail.aspx,http://allrecipes.com/recipe/roasted-red-pepper-hummus-with-a-twist-from-nidal/detail.aspx,http://allrecipes.com/recipe/bruschetta-ii-2/detail.aspx,http://allrecipes.com/recipe/mango-spring-roll/detail.aspx,http://allrecipes.com/recipe/bacon-wrapped-mushrooms/detail.aspx,http://allrecipes.com/recipe/edamame-stuffed-wontons/detail.aspx,http://allrecipes.com/recipe/vietnamese-golden-chicken-wings/detail.aspx,http://allrecipes.com/recipe/leftover-turkey-spring-rolls-with-cranberry-sweet-and-sour-dipping-sauce/detail.aspx,http://allrecipes.com/recipe/my-moms-roasted-peanuts/detail.aspx,http://allrecipes.com/recipe/pistachio-twists/detail.aspx;http://allrecipes.com/recipe/pork-dumplings/detail.aspx - http://allrecipes.com/recipe/crispy-pork-wontons/detail.aspx;http://allrecipes.com/recipe/crispy-pork-wontons/detail.aspx
835030212;08/10/2022 18:27:04;Scenario Multi-modal (Text + Image);Dessert;5;119;28;20;6;True;C;7;http://allrecipes.com/recipe/chocolate-cake-iv/detail.aspx;;http://allrecipes.com/recipe/banana-and-vanilla-cupcakes-with-buttercream-frosting/detail.aspx;http://allrecipes.com/recipe/dishpan-cookies-ii/detail.aspx;http://allrecipes.com/recipe/butter-pound-cake/detail.aspx;http://allrecipes.com/recipe/chocolate-chocolate-biscotti/detail.aspx;http://allrecipes.com/recipe/no-bake-peanut-butter-bars/detail.aspx;6;5;http://allrecipes.com/recipe/banana-and-vanilla-cupcakes-with-buttercream-frosting/detail.aspx,http://allrecipes.com/recipe/dishpan-cookies-ii/detail.aspx,http://allrecipes.com/recipe/applesauce-spice-cake/detail.aspx,http://allrecipes.com/recipe/strawberry-pie-vi/detail.aspx,http://allrecipes.com/recipe/butter-pound-cake/detail.aspx,http://allrecipes.com/recipe/ginger-creams/detail.aspx,http://allrecipes.com/recipe/chocolate-chocolate-biscotti/detail.aspx,http://allrecipes.com/recipe/fruitcake-2/detail.aspx,http://allrecipes.com/recipe/strawberry-shortcake/detail.aspx,http://allrecipes.com/recipe/perfect-lemon-squares/detail.aspx,http://allrecipes.com/recipe/no-bake-peanut-butter-bars/detail.aspx;http://allrecipes.com/recipe/swedish-cream-wafers/detail.aspx - http://allrecipes.com/recipe/chocolate-cake-iv/detail.aspx;http://allrecipes.com/recipe/swedish-cream-wafers/detail.aspx
37042527;08/10/2022 18:32:06;Scenario Multi-modal (Text + Image);Pasta;3;134;91;14;6;True;B;5;http://allrecipes.com/recipe/speedy-spaghetti/detail.aspx;mozzarella,Lactose,Alcohol;http://allrecipes.com/recipe/brooklyn-girls-penne-arrabiata/detail.aspx;http://allrecipes.com/recipe/poppy-seed-chicken-pasta-salad/detail.aspx;http://allrecipes.com/recipe/sweet-pea-and-noodle-salad/detail.aspx;http://allrecipes.com/recipe/lasagna-helper/detail.aspx;http://allrecipes.com/recipe/tortellini-steak-and-caesar/detail.aspx;9;5;http://allrecipes.com/recipe/veggie-lo-mein/detail.aspx,http://allrecipes.com/recipe/greek-goddess-pasta-salad/detail.aspx,http://allrecipes.com/recipe/asian-noodle-salad/detail.aspx,http://allrecipes.com/recipe/quick-creamy-spinach-and-tomato-pasta/detail.aspx,http://allrecipes.com/recipe/mexican-orzo-salad/detail.aspx,http://allrecipes.com/recipe/als-quick-vegetarian-spaghetti/detail.aspx,http://allrecipes.com/recipe/joels-jerk-chicken-pineapple-pasta/detail.aspx,http://allrecipes.com/recipe/reheating-pasta/detail.aspx,http://allrecipes.com/recipe/brooklyn-girls-penne-arrabiata/detail.aspx,http://allrecipes.com/recipe/poppy-seed-chicken-pasta-salad/detail.aspx,http://allrecipes.com/recipe/sweet-pea-and-noodle-salad/detail.aspx,http://allrecipes.com/recipe/easy-asian-pasta-salad/detail.aspx,http://allrecipes.com/recipe/lasagna-helper/detail.aspx,http://allrecipes.com/recipe/tortellini-steak-and-caesar/detail.aspx;http://allrecipes.com/recipe/slumgullion-2/detail.aspx - http://allrecipes.com/recipe/speedy-spaghetti/detail.aspx;http://allrecipes.com/recipe/slumgullion-2/detail.aspx
261702303;08/10/2022 18:56:49;Scenario Textual;Salad;5;116;37;33;6;True;A;4;http://allrecipes.com/recipe/quinoa-and-lentil-salad/detail.aspx;;http://allrecipes.com/recipe/farro-salad-with-asparagus-and-parmesan/detail.aspx;http://allrecipes.com/recipe/simple-cucumber-salad/detail.aspx;http://allrecipes.com/recipe/quinoa-cranberry-salad-with-pecans/detail.aspx;http://allrecipes.com/recipe/japanese-cucumber-salad-sunomono/detail.aspx;http://allrecipes.com/recipe/kikuchans-potato-crab-salad/detail.aspx;5;5;http://allrecipes.com/recipe/cucumber-sunomono/detail.aspx,http://allrecipes.com/recipe/green-bean-salad-with-feta/detail.aspx,http://allrecipes.com/recipe/farro-salad-with-asparagus-and-parmesan/detail.aspx,http://allrecipes.com/recipe/simple-cucumber-salad/detail.aspx,http://allrecipes.com/recipe/quinoa-cranberry-salad-with-pecans/detail.aspx,http://allrecipes.com/recipe/maple-cannellini-bean-salad-with-baby-broccoli-and-butternut-squash/detail.aspx,http://allrecipes.com/recipe/james-fire-salad/detail.aspx,http://allrecipes.com/recipe/japanese-cucumber-salad-sunomono/detail.aspx,http://allrecipes.com/recipe/crystals-awesome-potato-salad/detail.aspx,http://allrecipes.com/recipe/kikuchans-potato-crab-salad/detail.aspx;http://allrecipes.com/recipe/grandmothers-sour-cream-cucumber-salad/detail.aspx - http://allrecipes.com/recipe/quinoa-and-lentil-salad/detail.aspx;http://allrecipes.com/recipe/grandmothers-sour-cream-cucumber-salad/detail.aspx
1286315549;08/10/2022 18:56:59;Scenario Textual;Pasta;5;164;48;49;6;True;A;5;http://allrecipes.com/recipe/vegan-lasagna-i/detail.aspx;;http://allrecipes.com/recipe/italian-mini-meat-loaves/detail.aspx;http://allrecipes.com/recipe/artichoke-spinach-lasagna/detail.aspx;http://allrecipes.com/recipe/pasta-with-spinach-pesto-sauce/detail.aspx;http://allrecipes.com/recipe/linguine-with-garlicky-white-clam-sauce/detail.aspx;http://allrecipes.com/recipe/group-effort-pasta/detail.aspx;1;5;http://allrecipes.com/recipe/easy-sriracha-noodles/detail.aspx,http://allrecipes.com/recipe/italian-mini-meat-loaves/detail.aspx,http://allrecipes.com/recipe/artichoke-spinach-lasagna/detail.aspx,http://allrecipes.com/recipe/pasta-with-spinach-pesto-sauce/detail.aspx,http://allrecipes.com/recipe/linguine-with-garlicky-white-clam-sauce/detail.aspx,http://allrecipes.com/recipe/group-effort-pasta/detail.aspx;http://allrecipes.com/recipe/florentine-fettuccini/detail.aspx - http://allrecipes.com/recipe/vegan-lasagna-i/detail.aspx;http://allrecipes.com/recipe/florentine-fettuccini/detail.aspx
753252024;08/10/2022 18:57:41;Scenario Textual;Snack;4;172;66;52;6;False;A;6;http://allrecipes.com/recipe/baked-cherry-tomatoes-with-garlic/detail.aspx;;http://allrecipes.com/recipe/blt-on-a-stick/detail.aspx;http://allrecipes.com/recipe/chicken-and-sun-dried-tomato-bruschetta/detail.aspx;http://allrecipes.com/recipe/balsamic-mushrooms/detail.aspx;http://allrecipes.com/recipe/creamy-guacamole-with-garlic/detail.aspx;http://allrecipes.com/recipe/toasted-pecans/detail.aspx;12;5;http://allrecipes.com/recipe/blt-on-a-stick/detail.aspx,http://allrecipes.com/recipe/chicken-and-sun-dried-tomato-bruschetta/detail.aspx,http://allrecipes.com/recipe/party-corned-beef-puffs/detail.aspx,http://allrecipes.com/recipe/hanky-panky/detail.aspx,http://allrecipes.com/recipe/reindeer-munch/detail.aspx,http://allrecipes.com/recipe/hoagie-dip/detail.aspx,http://allrecipes.com/recipe/chinese-firecrackers-2/detail.aspx,http://allrecipes.com/recipe/fruity-cream-cheese-spread/detail.aspx,http://allrecipes.com/recipe/cream-cheese-and-ham-spread/detail.aspx,http://allrecipes.com/recipe/balsamic-mushrooms/detail.aspx,http://allrecipes.com/recipe/olivada/detail.aspx,http://allrecipes.com/recipe/creamy-guacamole-with-garlic/detail.aspx,http://allrecipes.com/recipe/apple-dip/detail.aspx,http://allrecipes.com/recipe/cucumber-cups-with-dill-cream-and-smoked-salmon/detail.aspx,http://allrecipes.com/recipe/fabiennes-black-eyed-crab-cakes/detail.aspx,http://allrecipes.com/recipe/spicy-sweet-stovetop-popcorn/detail.aspx,http://allrecipes.com/recipe/toasted-pecans/detail.aspx;http://allrecipes.com/recipe/baked-cherry-tomatoes-with-garlic/detail.aspx - http://allrecipes.com/recipe/bruschetta-ii-2/detail.aspx;http://allrecipes.com/recipe/bruschetta-ii-2/detail.aspx
1286315549;08/10/2022 19:02:59;Scenario Multi-modal (Text + Image);Snack;5;75;32;17;6;False;D;9;http://allrecipes.com/recipe/party-corned-beef-puffs/detail.aspx;;http://allrecipes.com/recipe/mama-maries-moroccan-tuna-brik/detail.aspx;http://allrecipes.com/recipe/horseradish-cream-cheese-deviled-eggs/detail.aspx;http://allrecipes.com/recipe/spinach-arancini/detail.aspx;http://allrecipes.com/recipe/cheese-dip-with-beer/detail.aspx;http://allrecipes.com/recipe/grilled-portobello-mushrooms/detail.aspx;2;5;http://allrecipes.com/recipe/quesadilla-jalapeno-spread/detail.aspx,http://allrecipes.com/recipe/mama-maries-moroccan-tuna-brik/detail.aspx,http://allrecipes.com/recipe/horseradish-cream-cheese-deviled-eggs/detail.aspx,http://allrecipes.com/recipe/pecan-snack/detail.aspx,http://allrecipes.com/recipe/spinach-arancini/detail.aspx,http://allrecipes.com/recipe/cheese-dip-with-beer/detail.aspx,http://allrecipes.com/recipe/grilled-portobello-mushrooms/detail.aspx;http://allrecipes.com/recipe/party-corned-beef-puffs/detail.aspx - http://allrecipes.com/recipe/balsamic-mushrooms/detail.aspx;http://allrecipes.com/recipe/balsamic-mushrooms/detail.aspx
753252024;08/10/2022 19:03:36;Scenario Multi-modal (Text + Image);Dessert;5;67;20;25;6;True;C;7;http://allrecipes.com/recipe/cherry-angel-food-cake/detail.aspx;;http://allrecipes.com/recipe/cherry-cheese-pie-i/detail.aspx;http://allrecipes.com/recipe/sweet-polish-cherry-cake/detail.aspx;http://allrecipes.com/recipe/flourless-brownies/detail.aspx;http://allrecipes.com/recipe/banana-trifle/detail.aspx;http://allrecipes.com/recipe/chef-johns-chocolate-lava-cake/detail.aspx;0;5;http://allrecipes.com/recipe/cherry-cheese-pie-i/detail.aspx,http://allrecipes.com/recipe/sweet-polish-cherry-cake/detail.aspx,http://allrecipes.com/recipe/flourless-brownies/detail.aspx,http://allrecipes.com/recipe/banana-trifle/detail.aspx,http://allrecipes.com/recipe/chef-johns-chocolate-lava-cake/detail.aspx;http://allrecipes.com/recipe/chocolate-truffle-cookies/detail.aspx - http://allrecipes.com/recipe/cherry-angel-food-cake/detail.aspx;http://allrecipes.com/recipe/chocolate-truffle-cookies/detail.aspx
261702303;08/10/2022 19:04:10;Scenario Multi-modal (Text + Image);Pasta;5;132;47;34;6;False;A;7;http://allrecipes.com/recipe/fettuccine-alfredo-iii/detail.aspx;Alcohol;http://allrecipes.com/recipe/famous-restaurant-alfredo-sauce/detail.aspx;http://allrecipes.com/recipe/simple-pesto-pasta/detail.aspx;http://allrecipes.com/recipe/island-style-linguine/detail.aspx;http://allrecipes.com/recipe/lemon-butter-herb-pasta/detail.aspx;http://allrecipes.com/recipe/baked-ravioli/detail.aspx;4;5;http://allrecipes.com/recipe/cheese-and-pecan-pasta-salad/detail.aspx,http://allrecipes.com/recipe/famous-restaurant-alfredo-sauce/detail.aspx,http://allrecipes.com/recipe/bellas-mac-and-cheese/detail.aspx,http://allrecipes.com/recipe/simple-pesto-pasta/detail.aspx,http://allrecipes.com/recipe/island-style-linguine/detail.aspx,http://allrecipes.com/recipe/to-die-for-fettuccini-alfredo/detail.aspx,http://allrecipes.com/recipe/lemon-butter-herb-pasta/detail.aspx,http://allrecipes.com/recipe/healthier-homemade-mac-and-cheese/detail.aspx,http://allrecipes.com/recipe/baked-ravioli/detail.aspx;http://allrecipes.com/recipe/fettuccine-alfredo-iii/detail.aspx - http://allrecipes.com/recipe/alfredo-light/detail.aspx;http://allrecipes.com/recipe/alfredo-light/detail.aspx
115005041;08/10/2022 19:08:52;Scenario Textual;Dessert;3;160;44;34;6;False;E;12;http://allrecipes.com/recipe/brown-eyed-susans/detail.aspx;Cholesterolemia;http://allrecipes.com/recipe/lemon-bundt-cake/detail.aspx;http://allrecipes.com/recipe/chocolate-hazelnut-cigars/detail.aspx;http://allrecipes.com/recipe/healthy-honey-carrot-cookies/detail.aspx;http://allrecipes.com/recipe/banana-nutella-tortilla-pizza/detail.aspx;http://allrecipes.com/recipe/hot-fudge-ice-cream-bar-dessert/detail.aspx;3;5;http://allrecipes.com/recipe/raw-chocolate-pudding/detail.aspx,http://allrecipes.com/recipe/lemon-bundt-cake/detail.aspx,http://allrecipes.com/recipe/chocolate-hazelnut-cigars/detail.aspx,http://allrecipes.com/recipe/black-forest-trifle/detail.aspx,http://allrecipes.com/recipe/healthy-honey-carrot-cookies/detail.aspx,http://allrecipes.com/recipe/banana-nutella-tortilla-pizza/detail.aspx,http://allrecipes.com/recipe/paleo-lemon-tarts/detail.aspx,http://allrecipes.com/recipe/hot-fudge-ice-cream-bar-dessert/detail.aspx;http://allrecipes.com/recipe/brown-eyed-susans/detail.aspx - http://allrecipes.com/recipe/black-forest-trifle/detail.aspx;http://allrecipes.com/recipe/black-forest-trifle/detail.aspx
1686124303;08/10/2022 19:11:51;Scenario Textual;Snack;4;89;40;16;6;False;E;10;http://allrecipes.com/recipe/baked-onion-dip-i/detail.aspx;glucose;http://allrecipes.com/recipe/stuffed-sourdough-loaf/detail.aspx;http://allrecipes.com/recipe/petit-toasts-with-brie-fig-and-thyme/detail.aspx;http://allrecipes.com/recipe/dis-delicious-deluxe-deviled-eggs/detail.aspx;http://allrecipes.com/recipe/mini-crescent-roll-burgers/detail.aspx;http://allrecipes.com/recipe/parmesan-baskets/detail.aspx;4;5;http://allrecipes.com/recipe/corn-stuffed-zucchini/detail.aspx,http://allrecipes.com/recipe/greek-artichoke-appetizer/detail.aspx,http://allrecipes.com/recipe/stuffed-sourdough-loaf/detail.aspx,http://allrecipes.com/recipe/petit-toasts-with-brie-fig-and-thyme/detail.aspx,http://allrecipes.com/recipe/mexican-spinach-dip/detail.aspx,http://allrecipes.com/recipe/summer-time-cucumber-sandwiches/detail.aspx,http://allrecipes.com/recipe/dis-delicious-deluxe-deviled-eggs/detail.aspx,http://allrecipes.com/recipe/mini-crescent-roll-burgers/detail.aspx,http://allrecipes.com/recipe/parmesan-baskets/detail.aspx;http://allrecipes.com/recipe/baked-onion-dip-i/detail.aspx - http://allrecipes.com/recipe/carolina-fish-cakes/detail.aspx;http://allrecipes.com/recipe/carolina-fish-cakes/detail.aspx
869832273;08/10/2022 19:12:17;Scenario Textual;Dessert;5;120;31;30;6;True;B;6;http://allrecipes.com/recipe/floating-islands-ii/detail.aspx;;http://allrecipes.com/recipe/evil-cookies/detail.aspx;http://allrecipes.com/recipe/egg-yolk-sponge-cake/detail.aspx;http://allrecipes.com/recipe/polvorones-de-canele-cinnamon-cookies/detail.aspx;http://allrecipes.com/recipe/nuclear-chocolate-ice-cream/detail.aspx;http://allrecipes.com/recipe/bread-pudding-i/detail.aspx;0;5;http://allrecipes.com/recipe/evil-cookies/detail.aspx,http://allrecipes.com/recipe/egg-yolk-sponge-cake/detail.aspx,http://allrecipes.com/recipe/polvorones-de-canele-cinnamon-cookies/detail.aspx,http://allrecipes.com/recipe/nuclear-chocolate-ice-cream/detail.aspx,http://allrecipes.com/recipe/bread-pudding-i/detail.aspx;http://allrecipes.com/recipe/scottleys-basic-yellow-cake/detail.aspx - http://allrecipes.com/recipe/floating-islands-ii/detail.aspx;http://allrecipes.com/recipe/scottleys-basic-yellow-cake/detail.aspx
447619150;08/10/2022 19:14:46;Scenario Textual;Snack;5;114;37;26;6;True;B;5;http://allrecipes.com/recipe/bruschetta-ii-2/detail.aspx;prosciutto,Meat,Seafood;http://allrecipes.com/recipe/summer-corn-dip/detail.aspx;http://allrecipes.com/recipe/pepperoni-crisps/detail.aspx;http://allrecipes.com/recipe/summer-vegetable-and-goat-cheese-galettes/detail.aspx;http://allrecipes.com/recipe/hummus-stuffed-portobello-caps/detail.aspx;http://allrecipes.com/recipe/italian-torte/detail.aspx;1;5;http://allrecipes.com/recipe/summer-corn-dip/detail.aspx,http://allrecipes.com/recipe/pepperoni-crisps/detail.aspx,http://allrecipes.com/recipe/summer-vegetable-and-goat-cheese-galettes/detail.aspx,http://allrecipes.com/recipe/hummus-stuffed-portobello-caps/detail.aspx,http://allrecipes.com/recipe/marinated-mushrooms-with-red-bell-peppers/detail.aspx,http://allrecipes.com/recipe/italian-torte/detail.aspx;http://allrecipes.com/recipe/baked-cherry-tomatoes-with-garlic/detail.aspx - http://allrecipes.com/recipe/bruschetta-ii-2/detail.aspx;http://allrecipes.com/recipe/baked-cherry-tomatoes-with-garlic/detail.aspx
5380880435;08/10/2022 19:15:47;Scenario Textual;Snack;5;175;89;31;6;True;A;4;http://allrecipes.com/recipe/salt-and-vinegar-potato-chips/detail.aspx;Lactose;http://allrecipes.com/recipe/bruschetta-i/detail.aspx;http://allrecipes.com/recipe/kowloons-chinese-chicken-wings/detail.aspx;http://allrecipes.com/recipe/homestyle-potato-chips/detail.aspx;http://allrecipes.com/recipe/edamame-stuffed-wontons/detail.aspx;http://allrecipes.com/recipe/honey-roasted-almonds/detail.aspx;15;5;http://allrecipes.com/recipe/sweet-and-sassy-popcorn/detail.aspx,http://allrecipes.com/recipe/crispy-pork-wontons/detail.aspx,http://allrecipes.com/recipe/bruschetta-i/detail.aspx,http://allrecipes.com/recipe/kowloons-chinese-chicken-wings/detail.aspx,http://allrecipes.com/recipe/vegetable-cutlets/detail.aspx,http://allrecipes.com/recipe/homestyle-potato-chips/detail.aspx,http://allrecipes.com/recipe/rellenitos-de-platano/detail.aspx,http://allrecipes.com/recipe/roasted-jerusalem-artichokes-or-sunchokes/detail.aspx,http://allrecipes.com/recipe/asian-lettuce-wraps-2/detail.aspx,http://allrecipes.com/recipe/arlenes-shrimp-dip/detail.aspx,http://allrecipes.com/recipe/edamame-stuffed-wontons/detail.aspx,http://allrecipes.com/recipe/pork-dumplings/detail.aspx,http://allrecipes.com/recipe/vietnamese-golden-chicken-wings/detail.aspx,http://allrecipes.com/recipe/best-ever-texas-caviar/detail.aspx,http://allrecipes.com/recipe/fresh-spring-rolls/detail.aspx,http://allrecipes.com/recipe/salt-and-vinegar-potato-chips/detail.aspx,http://allrecipes.com/recipe/irish-egg-rolls/detail.aspx,http://allrecipes.com/recipe/thai-chicken-wings/detail.aspx,http://allrecipes.com/recipe/sweet-and-spicy-fig-compote/detail.aspx,http://allrecipes.com/recipe/honey-roasted-almonds/detail.aspx;http://allrecipes.com/recipe/wings-in-cola/detail.aspx - http://allrecipes.com/recipe/salt-and-vinegar-potato-chips/detail.aspx;http://allrecipes.com/recipe/wings-in-cola/detail.aspx
5794444613;08/10/2022 19:22:56;Scenario Textual;Pasta;5;237;49;90;6;False;C;8;http://allrecipes.com/recipe/vincentes-macaroni-and-cheese/detail.aspx;pesce,mushrooms;http://allrecipes.com/recipe/linguini-with-vegetables/detail.aspx;http://allrecipes.com/recipe/tortellini-bacon-broccoli-salad/detail.aspx;http://allrecipes.com/recipe/sloppy-joe-mac-and-cheese/detail.aspx;http://allrecipes.com/recipe/clams-and-sausage-in-spicy-marinara-with-crostini/detail.aspx;http://allrecipes.com/recipe/classic-macaroni-salad-with-a-twist/detail.aspx;2;5;http://allrecipes.com/recipe/linguini-with-vegetables/detail.aspx,http://allrecipes.com/recipe/tortellini-bacon-broccoli-salad/detail.aspx,http://allrecipes.com/recipe/ultimate-shrimp-scampi/detail.aspx,http://allrecipes.com/recipe/pastitsio-iii/detail.aspx,http://allrecipes.com/recipe/sloppy-joe-mac-and-cheese/detail.aspx,http://allrecipes.com/recipe/clams-and-sausage-in-spicy-marinara-with-crostini/detail.aspx,http://allrecipes.com/recipe/classic-macaroni-salad-with-a-twist/detail.aspx;http://allrecipes.com/recipe/vincentes-macaroni-and-cheese/detail.aspx - http://allrecipes.com/recipe/garden-penne/detail.aspx;http://allrecipes.com/recipe/garden-penne/detail.aspx
1232482535;08/10/2022 19:24:02;Scenario Textual;Dessert;5;212;35;18;6;True;B;6;http://allrecipes.com/recipe/floating-islands-ii/detail.aspx;snack ;http://allrecipes.com/recipe/walnut-brownie-pie/detail.aspx;http://allrecipes.com/recipe/best-date-squares-ever/detail.aspx;http://allrecipes.com/recipe/the-most-popular-cake-in-america-cake/detail.aspx;http://allrecipes.com/recipe/microwave-raisin-bread-pudding/detail.aspx;http://allrecipes.com/recipe/incredibly-delicious-italian-cream-cake/detail.aspx;2;5;http://allrecipes.com/recipe/walnut-brownie-pie/detail.aspx,http://allrecipes.com/recipe/best-date-squares-ever/detail.aspx,http://allrecipes.com/recipe/the-most-popular-cake-in-america-cake/detail.aspx,http://allrecipes.com/recipe/microwave-raisin-bread-pudding/detail.aspx,http://allrecipes.com/recipe/spiced-yogurt-pound-cake/detail.aspx,http://allrecipes.com/recipe/banana-trifle/detail.aspx,http://allrecipes.com/recipe/incredibly-delicious-italian-cream-cake/detail.aspx;http://allrecipes.com/recipe/fudge-cake/detail.aspx - http://allrecipes.com/recipe/floating-islands-ii/detail.aspx;http://allrecipes.com/recipe/fudge-cake/detail.aspx
1232482535;08/10/2022 19:28:03;Scenario Multi-modal (Text + Image);Snack;5;101;37;18;6;False;D;10;http://allrecipes.com/recipe/honey-roasted-peanuts/detail.aspx;Alcohol;http://allrecipes.com/recipe/sweet-and-sassy-popcorn/detail.aspx;http://allrecipes.com/recipe/seasoned-oyster-crackers/detail.aspx;http://allrecipes.com/recipe/fresh-and-simple-peach-salsa-with-cinnamon-sugar-chips/detail.aspx;http://allrecipes.com/recipe/honey-pumpkin-seeds/detail.aspx;http://allrecipes.com/recipe/italian-torte/detail.aspx;5;5;http://allrecipes.com/recipe/sweet-and-sassy-popcorn/detail.aspx,http://allrecipes.com/recipe/seasoned-oyster-crackers/detail.aspx,http://allrecipes.com/recipe/foul-medammes-spicy-fava-bean-dip/detail.aspx,http://allrecipes.com/recipe/fresh-and-simple-peach-salsa-with-cinnamon-sugar-chips/detail.aspx,http://allrecipes.com/recipe/fruishi-spring-rolls/detail.aspx,http://allrecipes.com/recipe/blue-cheese-and-onion/detail.aspx,http://allrecipes.com/recipe/reindeer-munch/detail.aspx,http://allrecipes.com/recipe/honey-pumpkin-seeds/detail.aspx,http://allrecipes.com/recipe/southern-style-deviled-eggs/detail.aspx,http://allrecipes.com/recipe/italian-torte/detail.aspx;http://allrecipes.com/recipe/honey-roasted-peanuts/detail.aspx - http://allrecipes.com/recipe/honey-lime-chicken-wings/detail.aspx;http://allrecipes.com/recipe/honey-lime-chicken-wings/detail.aspx
447619150;08/10/2022 19:28:28;Scenario Multi-modal (Text + Image);Dessert;5;132;48;33;6;False;E;10;http://allrecipes.com/recipe/chewy-peanut-butter-strips/detail.aspx;cinnamon,Reflux;http://allrecipes.com/recipe/whoopie-pies/detail.aspx;http://allrecipes.com/recipe/grandmas-coconut-corn-flake-cookies/detail.aspx;http://allrecipes.com/recipe/flourless-peanut-butter-cookies/detail.aspx;http://allrecipes.com/recipe/cranberry-squares/detail.aspx;http://allrecipes.com/recipe/banana-mango-berry-fluff/detail.aspx;7;5;http://allrecipes.com/recipe/whoopie-pies/detail.aspx,http://allrecipes.com/recipe/cranberry-pistachio-biscotti/detail.aspx,http://allrecipes.com/recipe/sugar-free-chocolate-macaroons/detail.aspx,http://allrecipes.com/recipe/grandmas-coconut-corn-flake-cookies/detail.aspx,http://allrecipes.com/recipe/flourless-peanut-butter-cookies/detail.aspx,http://allrecipes.com/recipe/apricot-balls/detail.aspx,http://allrecipes.com/recipe/make-ahead-butter-balls/detail.aspx,http://allrecipes.com/recipe/cranberry-squares/detail.aspx,http://allrecipes.com/recipe/caramel-crispy-rice-treats/detail.aspx,http://allrecipes.com/recipe/pumpkin-upside-down-cake/detail.aspx,http://allrecipes.com/recipe/banana-trifle/detail.aspx,http://allrecipes.com/recipe/banana-mango-berry-fluff/detail.aspx;http://allrecipes.com/recipe/chewy-peanut-butter-strips/detail.aspx - http://allrecipes.com/recipe/floating-islands-ii/detail.aspx;http://allrecipes.com/recipe/floating-islands-ii/detail.aspx
869832273;08/10/2022 19:28:32;Scenario Multi-modal (Text + Image);Dessert;5;62;18;23;6;True;C;6;http://allrecipes.com/recipe/pink-angel-dessert/detail.aspx;;http://allrecipes.com/recipe/easy-cream-cheese-pie/detail.aspx;http://allrecipes.com/recipe/fruitcake-2/detail.aspx;http://allrecipes.com/recipe/mini-key-lime-pies/detail.aspx;http://allrecipes.com/recipe/million-dollar-bars/detail.aspx;http://allrecipes.com/recipe/golf-balls/detail.aspx;0;5;http://allrecipes.com/recipe/easy-cream-cheese-pie/detail.aspx,http://allrecipes.com/recipe/fruitcake-2/detail.aspx,http://allrecipes.com/recipe/mini-key-lime-pies/detail.aspx,http://allrecipes.com/recipe/million-dollar-bars/detail.aspx,http://allrecipes.com/recipe/golf-balls/detail.aspx;http://allrecipes.com/recipe/mound-bars/detail.aspx - http://allrecipes.com/recipe/pink-angel-dessert/detail.aspx;http://allrecipes.com/recipe/mound-bars/detail.aspx
5794444613;08/10/2022 19:29:12;Scenario Multi-modal (Text + Image);Dessert;5;135;37;59;6;True;B;6;http://allrecipes.com/recipe/floating-islands-ii/detail.aspx;;http://allrecipes.com/recipe/the-original-home-baked-girl-scout-cookie/detail.aspx;http://allrecipes.com/recipe/blue-suede-cake/detail.aspx;http://allrecipes.com/recipe/zebra-cake-2/detail.aspx;http://allrecipes.com/recipe/candied-flowers/detail.aspx;http://allrecipes.com/recipe/midnight-gingersnaps/detail.aspx;0;5;http://allrecipes.com/recipe/the-original-home-baked-girl-scout-cookie/detail.aspx,http://allrecipes.com/recipe/blue-suede-cake/detail.aspx,http://allrecipes.com/recipe/zebra-cake-2/detail.aspx,http://allrecipes.com/recipe/candied-flowers/detail.aspx,http://allrecipes.com/recipe/midnight-gingersnaps/detail.aspx;http://allrecipes.com/recipe/swedish-cream-wafers/detail.aspx - http://allrecipes.com/recipe/floating-islands-ii/detail.aspx;http://allrecipes.com/recipe/swedish-cream-wafers/detail.aspx
5380880435;08/10/2022 19:29:46;Scenario Multi-modal (Text + Image);Pasta;4;200;153;23;6;True;A;4;http://allrecipes.com/recipe/summer-penne-pasta/detail.aspx;pesto,Lactose;http://allrecipes.com/recipe/easy-chicken-veracruz/detail.aspx;http://allrecipes.com/recipe/aussie-beef-and-peppers-with-gnocchi/detail.aspx;http://allrecipes.com/recipe/penne-with-mango-chile-sauce/detail.aspx;http://allrecipes.com/recipe/brooklyn-girls-penne-arrabiata/detail.aspx;http://allrecipes.com/recipe/island-style-linguine/detail.aspx;8;5;http://allrecipes.com/recipe/rutabaga-salad/detail.aspx,http://allrecipes.com/recipe/tomato-and-basil-pasta-sauce/detail.aspx,http://allrecipes.com/recipe/slow-cooker-venison-stroganoff-meal/detail.aspx,http://allrecipes.com/recipe/vegan-lasagna-i/detail.aspx,http://allrecipes.com/recipe/awesome-sauce/detail.aspx,http://allrecipes.com/recipe/easy-chicken-veracruz/detail.aspx,http://allrecipes.com/recipe/aussie-beef-and-peppers-with-gnocchi/detail.aspx,http://allrecipes.com/recipe/blt-pasta-salad/detail.aspx,http://allrecipes.com/recipe/penne-with-mango-chile-sauce/detail.aspx,http://allrecipes.com/recipe/brooklyn-girls-penne-arrabiata/detail.aspx,http://allrecipes.com/recipe/island-style-linguine/detail.aspx;http://allrecipes.com/recipe/balsamic-chicken-and-pasta/detail.aspx - http://allrecipes.com/recipe/summer-penne-pasta/detail.aspx;http://allrecipes.com/recipe/balsamic-chicken-and-pasta/detail.aspx
1686124303;08/10/2022 19:29:51;Scenario Multi-modal (Text + Image);Pasta;5;142;24;41;6;False;C;8;http://allrecipes.com/recipe/mac-and-cheese-bake/detail.aspx;;http://allrecipes.com/recipe/church-supper-macaroni-and-cheese/detail.aspx;http://allrecipes.com/recipe/quick-spaghetti-sauce/detail.aspx;http://allrecipes.com/recipe/home-style-macaroni-and-cheese-2/detail.aspx;http://allrecipes.com/recipe/cordon-bleu-salad/detail.aspx;http://allrecipes.com/recipe/easy-chicken-alfredo/detail.aspx;1;5;http://allrecipes.com/recipe/church-supper-macaroni-and-cheese/detail.aspx,http://allrecipes.com/recipe/quick-spaghetti-sauce/detail.aspx,http://allrecipes.com/recipe/home-style-macaroni-and-cheese-2/detail.aspx,http://allrecipes.com/recipe/cordon-bleu-salad/detail.aspx,http://allrecipes.com/recipe/chicken-lasagna-iv/detail.aspx,http://allrecipes.com/recipe/easy-chicken-alfredo/detail.aspx;http://allrecipes.com/recipe/mac-and-cheese-bake/detail.aspx - http://allrecipes.com/recipe/alfredo-light/detail.aspx;http://allrecipes.com/recipe/alfredo-light/detail.aspx
115005041;08/10/2022 19:30:17;Scenario Multi-modal (Text + Image);Pasta;3;114;65;22;6;True;A;4;http://allrecipes.com/recipe/summer-penne-pasta/detail.aspx;Cholesterolemia;http://allrecipes.com/recipe/chicken-sausage-and-zucchini-pasta/detail.aspx;http://allrecipes.com/recipe/nicoles-chicken-pasta/detail.aspx;http://allrecipes.com/recipe/spam-on-the-go/detail.aspx;http://allrecipes.com/recipe/tomato-and-macaroni-salad/detail.aspx;http://allrecipes.com/recipe/spag-bol/detail.aspx;9;5;http://allrecipes.com/recipe/chicken-sausage-and-zucchini-pasta/detail.aspx,http://allrecipes.com/recipe/noodles-and-eggs/detail.aspx,http://allrecipes.com/recipe/barbeque-macaroni-salad/detail.aspx,http://allrecipes.com/recipe/herb-and-chicken-pasta/detail.aspx,http://allrecipes.com/recipe/nicoles-chicken-pasta/detail.aspx,http://allrecipes.com/recipe/spam-on-the-go/detail.aspx,http://allrecipes.com/recipe/tomato-and-macaroni-salad/detail.aspx,http://allrecipes.com/recipe/cabbage-and-noodles/detail.aspx,http://allrecipes.com/recipe/peppercorn-ranch-pasta/detail.aspx,http://allrecipes.com/recipe/balsamic-chicken-and-pasta/detail.aspx,http://allrecipes.com/recipe/blt-bow-tie-salad/detail.aspx,http://allrecipes.com/recipe/macaroni-pineapple-and-ham-salad/detail.aspx,http://allrecipes.com/recipe/chicken-and-artichoke-penne-with-a-white-sauce/detail.aspx,http://allrecipes.com/recipe/spag-bol/detail.aspx;http://allrecipes.com/recipe/balsamic-chicken-and-pasta/detail.aspx - http://allrecipes.com/recipe/summer-penne-pasta/detail.aspx;http://allrecipes.com/recipe/balsamic-chicken-and-pasta/detail.aspx
